site,country,title,price_usd,review_count,seller_badge,search_position,monthly_sold_count,is_bestseller,bestseller_rank,validity,usage_validity,activation_validity,network_type,network_generation,carrier_support_local,data_amount,product_url,asin,site_product_id,seller,brand,evidence
amazon_us,th,Thailand eSIM | 10GB Super Saver Refillable Plan! QR Code Sent via Email in 24Hrs - Scan & Use Immediately | Auto Activating 15 Day Validity | 5G Speed + Hotspot | Data-Only No Phone Number,9.99,2,,,,True,1188,15일,15일,,unknown,lte_4g_only,"{""ais"": null, ""dtac"": null, ""truemove"": null}",10GB,https://www.amazon.com/Thailand-eSIM-10GB-Super-Refillable/dp/B0DX6P2CMT,B0DX6P2CMT,B0DX6P2CMT,TSIM Cards,Visit the TSIM Store,"{""price_usd"": [""$9.99""], ""usage_validity"": [""Thailand eSIM | 10GB Super Saver Refillable Plan! QR Code Sent via Email in 24Hrs - Scan & Use Immediately | Auto Activating 15 Day Validity | 5G Speed + Hotspot | Data-Only No Pho""], ""data_amount"": [""HIGH SPEED 5G/4G DATA: Enjoy up to 10GB of high-speed 5G/4G internet. Hotspot tethering is supported.""], ""network_type"": [""insufficient_or_conflicting_signals(local=0, roaming=-2)""], ""network_generation"": [""product_info_cellular_4g_lte: source:product_info_cellular: Cellular Technology LTE"", ""product_info_cellular_4g_lte: source:product_info_cellular: Cellular Technology LTE""], ""review_count"": [""detail_page: 2 global ratings""], ""is_bestseller"": [""Best Sellers Rank #646,100 in Cell Phones & Accessories ( See Top 100 in Cell Phones & Accessories ) #1,188 in Cell Phone SIM Cards""], ""bestseller_rank"": [""Best Sellers Rank #646,100 in Cell Phones & Accessories ( See Top 100 in Cell Phones & Accessories ) #1,188 in Cell Phone SIM Cards""], ""title"": [""Thailand eSIM | 10GB Super Saver Refillable Plan! QR Code Sent via Email in 24Hrs - Scan & Use Immediately | Auto Activating 15 Day Validity | 5G Speed + Hotspot | Data-Only No Phone Number""]}"
amazon_us,th,"Asia eSIM 11 Countries | 15 Days Unlimited Data in China, HK, Indonesia, Japan, Macao, Malaysia, Singapore, South Korea, Taiwan, Thailand, Vietnam | Get QR Code in 24 Hours | Auto Activation",19.99,14,,,,True,68,15일,15일,,unknown,5g_capable,"{""ais"": null, ""dtac"": true, ""truemove"": null}",unlimited,https://www.amazon.com/Asia-15-Days-Unlimited-Activation/dp/B0H9M4N1R3,B0H9M4N1R3,B0H9M4N1R3,TSIM Cards,Visit the TSIM Store,"{""price_usd"": [""$19.99""], ""usage_validity"": [""Asia eSIM 11 Countries | 15 Days Unlimited Data in China, HK, Indonesia, Japan, Macao, Malaysia, Singapore, South Korea, Taiwan, Thailand, Vietnam | Get QR Code in 24 Hours | Auto ""], ""data_amount"": [""📶 UNLIMITED DATA eSIM + HOTSPOT: No need to estimate your data requirement. This 15-day eSIM provides 3GB every day at super speed, then unlimited data at 1MBPS for the rest of the""], ""network_type"": [""local_signal: TSIM Prepaid USA SIM Card for Travel | Unlimited High Data, Unlimited Local Calls and Text for 30..."", ""roaming_signal: ✅ AUTO ACTIVATION: Validity starts when you first connect to a supported mobile network in Asia, so it is safe to install before you travel. Turn on data roaming upon arrival. 🎧 Ge"", ""insufficient_or_conflicting_signals(local=2, roaming=4)""], ""network_generation"": [""product_info_cellular_5g: source:product_info_cellular: Cellular Technology 5G/4G/LTE"", ""product_info_cellular_5g: source:product_info_cellular: Cellular Technology 5G/4G/LTE"", ""product_info_cellular_4g_lte_signal_present_but_5g_capable_takes_precedence""], ""carrier_support_local"": [""dtac: Product description Asia Unlimited eSIM One eSIM for all your Asia Travels Asia Unlimited eSIM Coverage in 11 Asian Countries! Coverage: China, Hong K""], ""review_count"": [""detail_page: 14 global ratings""], ""is_bestseller"": [""Best Sellers Rank #34,975 in Cell Phones & Accessories ( See Top 100 in Cell Phones & Accessories ) #68 in Cell Phone SIM Cards""], ""bestseller_rank"": [""Best Sellers Rank #34,975 in Cell Phones & Accessories ( See Top 100 in Cell Phones & Accessories ) #68 in Cell Phone SIM Cards""], ""title"": [""Asia eSIM 11 Countries | 15 Days Unlimited Data in China, HK, Indonesia, Japan, Macao, Malaysia, Singapore, South Korea, Taiwan, Thailand, Vietnam | Get QR Code in 24 Hours | Auto Activation""]}"
amazon_us,th,"[eSIM] Thailand eSIM | 30DAYS 10GB | 5G, 4G/LTE, Tethering, Hotspot | SIM with Instant Activation in 10 Minutes | AIS, DTAC, True, | Bangkok, ChiangMai, Phuket, Krabi | Travel with Ringsim",13.99,11,,,,True,465,30일,30일,,local,5g_capable,"{""ais"": true, ""dtac"": true, ""truemove"": null}",5GB,https://www.amazon.com/Thailand-Tethering-Hotspot-Activation-ChiangMai/dp/B0F3J2YKHW,B0F3J2YKHW,B0F3J2YKHW,RINGSIM,Visit the ringsim Store,"{""price_usd"": [""$13.99""], ""usage_validity"": [""[eSIM] Thailand eSIM | 30DAYS 10GB | 5G, 4G/LTE, Tethering, Hotspot | SIM with Instant Activation in 10 Minutes | AIS, DTAC, True, | Bangkok, ChiangMai, Phuket, Krabi | Travel with""], ""data_amount"": [""★ Flexible Data Plans: Pick 5GB, 10GB, 20GB, 30GB, or Unlimited—perfect for both casual browsing and heavy usage. Flexible prepaid options tailored to your trip in Thailand.""], ""network_type"": [""Product description Previous page Next page 1 Why have to use eSIM 2 What is eSIM? 3 How to Create eSIM. STEP1 4 How to Create eSIM. STEP2 How to install eSIM in IOS(iPhone) Previo"", ""score: local=3, roaming=0""], ""network_generation"": [""product_detail_5g: source:feature_bullets: ★ High-Speed Internet: Enjoy stable 5G/4G LTE data throughout Thailand. Great for streaming, maps, messaging, and staying connected whether you’re exploring""], ""carrier_support_local"": [""AIS, dtac: Amazon.com: [eSIM] Thailand eSIM | 30DAYS 10GB | 5G, 4G/LTE, Tethering, Hotspot | SIM with Instant Activation in 10 Minutes | AIS, DTAC, True, | Bangk"", ""AIS, dtac: [eSIM] Thailand eSIM | 30DAYS 10GB | 5G, 4G/LTE, Tethering, Hotspot | SIM with Instant Activation in 10 Minutes | AIS, DTAC, True, | Bangkok, ChiangMa"", ""AIS, dtac: [eSIM] Thailand eSIM | 30DAYS 10GB | 5G, 4G/LTE, Tethering, Hotspot | SIM with Instant Activation in 10 Minutes | AIS, DTAC, True, | Bangkok, ChiangMa"", ""AIS, dtac: [eSIM] Thailand eSIM | 30DAYS 10GB | 5G, 4G/LTE, Tethering, Hotspot | SIM with Instant Activation in 10 Minutes | AIS, DTAC, True, | Bangkok, ChiangMa"", ""AIS, dtac: Amazon.com: [eSIM] Thailand eSIM | 30DAYS 10GB | 5G, 4G/LTE, Tethering, Hotspot | SIM with Instant Activation in 10 Minutes | AIS, DTAC, True, | Bangk""], ""review_count"": [""detail_page: 11 global ratings""], ""is_bestseller"": [""Best Sellers Rank #206,253 in Cell Phones & Accessories ( See Top 100 in Cell Phones & Accessories ) #465 in Cell Phone SIM Cards""], ""bestseller_rank"": [""Best Sellers Rank #206,253 in Cell Phones & Accessories ( See Top 100 in Cell Phones & Accessories ) #465 in Cell Phone SIM Cards""], ""title"": [""[eSIM] Thailand eSIM | 30DAYS 10GB | 5G, 4G/LTE, Tethering, Hotspot | SIM with Instant Activation in 10 Minutes | AIS, DTAC, True, | Bangkok, ChiangMai, Phuket, Krabi | Travel with Ringsim""]}"
amazon_us,th,"travSIM Thailand eSIM | Unlimited Data (4G/5G speeds) | Valid for 30 Days | Data only | Use apps Like Whatsapp, Facebook, Instagram and Skype | Use in Thailand and More Than 15 Countries in Asia",36.99,16,,,,True,621,30일,30일,,unknown,5g_capable,"{""ais"": true, ""dtac"": true, ""truemove"": null}",unlimited,https://www.amazon.com/travSIM-eSIM-Unlimited-30-Days/dp/B0F2GQ9MJH,B0F2GQ9MJH,B0F2GQ9MJH,travSIM GmbH Germany,Visit the travSIM Store,"{""price_usd"": [""$36.99""], ""usage_validity"": [""travSIM Thailand eSIM | Unlimited Data (4G/5G speeds) | Valid for 30 Days | Data only | Use apps Like Whatsapp, Facebook, Instagram and Skype | Use in Thailand and More Than 15 Cou""], ""data_amount"": [""eSIM Thailand offers Unlimited high-speed data to use in Thailand and more than 15 countries in Asia. The plan on the eSIM for Thailand is valid for 30 days.""], ""network_type"": [""local_signal: Use social apps (such as Skype, WhatsApp, Facebook and Telegram) to make local and international calls."", ""roaming_signal: Avoid roaming charges, unsecured Wi-Fi hotspots and the hassle of searching for an eSIM at your destination. Purchase a Thailand eSIM before your trip."", ""insufficient_or_conflicting_signals(local=1, roaming=1)""], ""network_generation"": [""product_info_cellular_5g: source:product_info_cellular: Cellular Technology 5G"", ""product_info_cellular_5g: source:product_info_cellular: Cellular Technology 5G""], ""carrier_support_local"": [""AIS, dtac: [eSIM] Thailand eSIM | 30DAYS 10GB | 5G, 4G/LTE, Tethering, Hotspot | SIM with Instant Activation in 10 Minutes | AIS, DTAC,""], ""review_count"": [""detail_page: 16 global ratings""], ""is_bestseller"": [""Best Sellers Rank #287,065 in Cell Phones & Accessories ( See Top 100 in Cell Phones & Accessories ) #621 in Cell Phone SIM Cards""], ""bestseller_rank"": [""Best Sellers Rank #287,065 in Cell Phones & Accessories ( See Top 100 in Cell Phones & Accessories ) #621 in Cell Phone SIM Cards""], ""title"": [""travSIM Thailand eSIM | Unlimited Data (4G/5G speeds) | Valid for 30 Days | Data only | Use apps Like Whatsapp, Facebook, Instagram and Skype | Use in Thailand and More Than 15 Countries in Asia""]}"
amazon_us,th,"Asia eSIM 11 Countries | 20 Days Unlimited Data in China, HK, Indonesia, Japan, Macao, Malaysia, Singapore, South Korea, Taiwan, Thailand, Vietnam | Get QR Code in 24 Hours | Auto Activation",22.99,14,,,,True,68,20일,20일,,unknown,5g_capable,"{""ais"": null, ""dtac"": true, ""truemove"": null}",unlimited,https://www.amazon.com/Asia-20-Days-Unlimited-Activation/dp/B0H9MDCJMY,B0H9MDCJMY,B0H9MDCJMY,TSIM Cards,Visit the TSIM Store,"{""price_usd"": [""$22.99""], ""usage_validity"": [""Asia eSIM 11 Countries | 20 Days Unlimited Data in China, HK, Indonesia, Japan, Macao, Malaysia, Singapore, South Korea, Taiwan, Thailand, Vietnam | Get QR Code in 24 Hours | Auto ""], ""data_amount"": [""📶 UNLIMITED DATA eSIM + HOTSPOT: No need to estimate your data requirement. This 20-day eSIM provides 3GB every day at super speed, then unlimited data at 1MBPS for the rest of the""], ""network_type"": [""local_signal: TSIM Prepaid USA SIM Card for Travel | Unlimited High Data, Unlimited Local Calls and Text for 30..."", ""roaming_signal: ✅ AUTO ACTIVATION: Validity starts when you first connect to a supported mobile network in Asia, so it is safe to install before you travel. Turn on data roaming upon arrival. 🎧 Ge"", ""insufficient_or_conflicting_signals(local=2, roaming=4)""], ""network_generation"": [""product_info_cellular_5g: source:product_info_cellular: Cellular Technology 5G/4G/LTE"", ""product_info_cellular_5g: source:product_info_cellular: Cellular Technology 5G/4G/LTE"", ""product_info_cellular_4g_lte_signal_present_but_5g_capable_takes_precedence""], ""carrier_support_local"": [""dtac: Product description Asia Unlimited eSIM One eSIM for all your Asia Travels Asia Unlimited eSIM Coverage in 11 Asian Countries! Coverage: China, Hong K""], ""review_count"": [""detail_page: 14 global ratings""], ""is_bestseller"": [""Best Sellers Rank #34,975 in Cell Phones & Accessories ( See Top 100 in Cell Phones & Accessories ) #68 in Cell Phone SIM Cards""], ""bestseller_rank"": [""Best Sellers Rank #34,975 in Cell Phones & Accessories ( See Top 100 in Cell Phones & Accessories ) #68 in Cell Phone SIM Cards""], ""title"": [""Asia eSIM 11 Countries | 20 Days Unlimited Data in China, HK, Indonesia, Japan, Macao, Malaysia, Singapore, South Korea, Taiwan, Thailand, Vietnam | Get QR Code in 24 Hours | Auto Activation""]}"
amazon_us,th,"Asia eSIM 11 Countries | 10 Days Unlimited Data in China, HK, Indonesia, Japan, Macao, Malaysia, Singapore, South Korea, Taiwan, Thailand, Vietnam | Get QR Code in 24 Hours | Auto Activation",14.99,14,,,,True,68,10일,10일,,unknown,5g_capable,"{""ais"": null, ""dtac"": true, ""truemove"": null}",unlimited,https://www.amazon.com/Asia-10-Days-Unlimited-Activation/dp/B0H9MG2Z1B,B0H9MG2Z1B,B0H9MG2Z1B,TSIM Cards,Visit the TSIM Store,"{""price_usd"": [""$14.99""], ""usage_validity"": [""Asia eSIM 11 Countries | 10 Days Unlimited Data in China, HK, Indonesia, Japan, Macao, Malaysia, Singapore, South Korea, Taiwan, Thailand, Vietnam | Get QR Code in 24 Hours | Auto ""], ""data_amount"": [""📶 UNLIMITED DATA eSIM + HOTSPOT: No need to estimate your data requirement. This 10-day eSIM provides 3GB every day at super speed, then unlimited data at 1MBPS for the rest of the""], ""network_type"": [""local_signal: TSIM Prepaid USA SIM Card for Travel | Unlimited High Data, Unlimited Local Calls and Text for 30..."", ""roaming_signal: ✅ AUTO ACTIVATION: Validity starts when you first connect to a supported mobile network in Asia, so it is safe to install before you travel. Turn on data roaming upon arrival. 🎧 Ge"", ""insufficient_or_conflicting_signals(local=2, roaming=4)""], ""network_generation"": [""product_info_cellular_5g: source:product_info_cellular: Cellular Technology 5G/4G/LTE"", ""product_info_cellular_5g: source:product_info_cellular: Cellular Technology 5G/4G/LTE"", ""product_info_cellular_4g_lte_signal_present_but_5g_capable_takes_precedence""], ""carrier_support_local"": [""dtac: Product description Asia Unlimited eSIM One eSIM for all your Asia Travels Asia Unlimited eSIM Coverage in 11 Asian Countries! Coverage: China, Hong K""], ""review_count"": [""detail_page: 14 global ratings""], ""is_bestseller"": [""Best Sellers Rank #34,975 in Cell Phones & Accessories ( See Top 100 in Cell Phones & Accessories ) #68 in Cell Phone SIM Cards""], ""bestseller_rank"": [""Best Sellers Rank #34,975 in Cell Phones & Accessories ( See Top 100 in Cell Phones & Accessories ) #68 in Cell Phone SIM Cards""], ""title"": [""Asia eSIM 11 Countries | 10 Days Unlimited Data in China, HK, Indonesia, Japan, Macao, Malaysia, Singapore, South Korea, Taiwan, Thailand, Vietnam | Get QR Code in 24 Hours | Auto Activation""]}"
amazon_us,th,"Asia Travel eSIM - 10GB/12-Day Prepaid Data Plan for Japan, South Korea, Singapore & Thailand (10 Asian Countries Total) | 4G LTE High-Speed Network | Hotspot Support | Easy Activation",23.99,4,,,,True,242,12일,12일,,unknown,lte_4g_only,"{""ais"": null, ""dtac"": null, ""truemove"": null}",10GB,https://www.amazon.com/Asia-Travel-eSIM-High-Speed-Activation/dp/B0DR8XRZTF,B0DR8XRZTF,B0DR8XRZTF,STAR VENTURE,Visit the UROZETTA Store,"{""price_usd"": [""$23.99""], ""usage_validity"": [""Asia Travel eSIM - 10GB/12-Day Prepaid Data Plan for Japan, South Korea, Singapore & Thailand (10 Asian Countries Total) | 4G LTE High-Speed Network | Hotspot Support | Easy Activa""], ""data_amount"": [""10GB 12-days Asia eSIM: Enjoy high-speed 4G coverage across Japan, South Korea, Singapore & Thailand (10 Asian Countries Total) . Supports mobile hotspot sharing with reliable cove""], ""network_type"": [""local_signal: Product description Previous page Next page 1 Fast eSIM Network 2 Apps Travel With You 3 Turn eSIM into WiFi 4 Snap QR, Get eSIM 5 Instant eSIM Activation Previous page Reliable 4G"", ""roaming_signal: Product description Previous page Next page 1 Fast eSIM Network 2 Apps Travel With You 3 Turn eSIM into WiFi 4 Snap QR, Get eSIM 5 Instant eSIM Activation Previous page Reliable 4G"", ""insufficient_or_conflicting_signals(local=6, roaming=3)""], ""network_generation"": [""product_info_cellular_4g_lte: source:product_info_cellular: Cellular Technology LTE"", ""product_info_cellular_4g_lte: source:product_info_cellular: Cellular Technology LTE""], ""review_count"": [""detail_page: 4 global ratings""], ""is_bestseller"": [""Best Sellers Rank #109,159 in Cell Phones & Accessories ( See Top 100 in Cell Phones & Accessories ) #242 in Cell Phone SIM Cards""], ""bestseller_rank"": [""Best Sellers Rank #109,159 in Cell Phones & Accessories ( See Top 100 in Cell Phones & Accessories ) #242 in Cell Phone SIM Cards""], ""title"": [""Asia Travel eSIM - 10GB/12-Day Prepaid Data Plan for Japan, South Korea, Singapore & Thailand (10 Asian Countries Total) | 4G LTE High-Speed Network | Hotspot Support | Easy Activation""]}"
amazon_us,th,"Thailand eSIM – 10 Days Unlimited Data with High-Speed 5G/4G. Hotspot Supported, Same-Day Online Delivery. (10 Days Unlimited Data)",13.99,252,,,,True,976,10일,10일,90일,local,lte_4g_only,"{""ais"": null, ""dtac"": true, ""truemove"": null}",unlimited,https://www.amazon.com/Thailand-eSIM-Unlimited-High-Speed-Supported/dp/B0F83N6DP8,B0F83N6DP8,B0F83N6DP8,BillionConnect,Visit the Billion Connect Store,"{""price_usd"": [""$13.99""], ""usage_validity"": [""Thailand eSIM – 10 Days Unlimited Data with High-Speed 5G/4G. Hotspot Supported, Same-Day Online Delivery. (10 Days Unlimited Data)""], ""activation_validity"": [""✅【eSIM Validity Period】 Please activate your eSIM within 90 days of receipt. If not activated at least one day before expiration, it will become invalid and cannot be used.""], ""data_amount"": [""✅【10 Days Unlimited High-Speed Data – 5G/4G Compatible】 Thailand eSIM offers truly unlimited high-speed data! Enjoy video streaming, gaming, social media, and live streaming anytim""], ""network_type"": [""Europe Prepaid SIM Card | 10GB 30Days Local Network | 5G/4G High-Speed with Hotspot..."", ""score: local=3, roaming=0""], ""network_generation"": [""product_info_cellular_4g_lte: source:product_info_cellular: Cellular Technology LTE"", ""product_info_cellular_4g_lte: source:product_info_cellular: Cellular Technology LTE""], ""carrier_support_local"": [""dtac: Service Provider dtac"", ""dtac: Manufacturer dtac""], ""review_count"": [""detail_page: 252""], ""is_bestseller"": [""Best Sellers Rank #494,142 in Cell Phones & Accessories ( See Top 100 in Cell Phones & Accessories ) #976 in Cell Phone SIM Cards""], ""bestseller_rank"": [""Best Sellers Rank #494,142 in Cell Phones & Accessories ( See Top 100 in Cell Phones & Accessories ) #976 in Cell Phone SIM Cards""], ""title"": [""Thailand eSIM – 10 Days Unlimited Data with High-Speed 5G/4G. Hotspot Supported, Same-Day Online Delivery. (10 Days Unlimited Data)""]}"
amazon_us,th,"Asia eSIM 11 Countries | 7 Days Unlimited Data in China, HK, Indonesia, Japan, Macao, Malaysia, Singapore, South Korea, Taiwan, Thailand, Vietnam | Get QR Code in 24 Hours | Auto Activation",9.99,14,,,,True,68,7일,7일,,unknown,5g_capable,"{""ais"": null, ""dtac"": true, ""truemove"": null}",unlimited,https://www.amazon.com/Asia-Countries-Days-Unlimited-Activation/dp/B0H9LYKTZK,B0H9LYKTZK,B0H9LYKTZK,TSIM Cards,Visit the TSIM Store,"{""price_usd"": [""$9.99""], ""usage_validity"": [""Asia eSIM 11 Countries | 7 Days Unlimited Data in China, HK, Indonesia, Japan, Macao, Malaysia, Singapore, South Korea, Taiwan, Thailand, Vietnam | Get QR Code in 24 Hours | Auto A""], ""data_amount"": [""📶 UNLIMITED DATA eSIM + HOTSPOT: No need to estimate your data requirement. This 7-day eSIM provides 3GB every day at super speed, then unlimited data at 1MBPS for the rest of the ""], ""network_type"": [""local_signal: TSIM Prepaid USA SIM Card for Travel | Unlimited High Data, Unlimited Local Calls and Text for 30..."", ""roaming_signal: ✅ AUTO ACTIVATION: Validity starts when you first connect to a supported mobile network in Asia, so it is safe to install before you travel. Turn on data roaming upon arrival. 🎧 Ge"", ""insufficient_or_conflicting_signals(local=2, roaming=4)""], ""network_generation"": [""product_info_cellular_5g: source:product_info_cellular: Cellular Technology 5G/4G/LTE"", ""product_info_cellular_5g: source:product_info_cellular: Cellular Technology 5G/4G/LTE"", ""product_info_cellular_4g_lte_signal_present_but_5g_capable_takes_precedence""], ""carrier_support_local"": [""dtac: Product description Asia Unlimited eSIM One eSIM for all your Asia Travels Asia Unlimited eSIM Coverage in 11 Asian Countries! Coverage: China, Hong K""], ""review_count"": [""detail_page: 14 global ratings""], ""is_bestseller"": [""Best Sellers Rank #34,975 in Cell Phones & Accessories ( See Top 100 in Cell Phones & Accessories ) #68 in Cell Phone SIM Cards""], ""bestseller_rank"": [""Best Sellers Rank #34,975 in Cell Phones & Accessories ( See Top 100 in Cell Phones & Accessories ) #68 in Cell Phone SIM Cards""], ""title"": [""Asia eSIM 11 Countries | 7 Days Unlimited Data in China, HK, Indonesia, Japan, Macao, Malaysia, Singapore, South Korea, Taiwan, Thailand, Vietnam | Get QR Code in 24 Hours | Auto Activation""]}"
amazon_us,th,Thailand eSIM | 15GB Super Saver Refillable Plan! QR Code Sent via Email in 24Hrs - Scan & Use Immediately | Auto Activating 30 Day Validity | 5G Speed + Hotspot | Data-Only No Phone Number,13.99,5,,,,True,1258,30일,30일,,local,lte_4g_only,"{""ais"": null, ""dtac"": null, ""truemove"": null}",15GB,https://www.amazon.com/Thailand-eSIM-15GB-Super-Refillable/dp/B0DX72J47W,B0DX72J47W,B0DX72J47W,TSIM Cards,Visit the TSIM Store,"{""price_usd"": [""$13.99""], ""usage_validity"": [""Thailand eSIM | 15GB Super Saver Refillable Plan! QR Code Sent via Email in 24Hrs - Scan & Use Immediately | Auto Activating 30 Day Validity | 5G Speed + Hotspot | Data-Only No Pho""], ""data_amount"": [""HIGH SPEED 5G/4G DATA: Enjoy up to 15GB of high-speed 5G/4G internet. Hotspot tethering is supported.""], ""network_type"": [""TSIM Prepaid USA SIM Card for Travel | Unlimited High Data, Unlimited Local Calls and Text for 30..."", ""TSIM Prepaid USA SIM Card for Travel | Unlimited High Data, Unlimited Local Calls and Text for 30..."", ""score: local=2, roaming=-2""], ""network_generation"": [""product_info_cellular_4g_lte: source:product_info_cellular: Cellular Technology LTE"", ""product_info_cellular_4g_lte: source:product_info_cellular: Cellular Technology LTE""], ""review_count"": [""detail_page: 5 global ratings""], ""is_bestseller"": [""Best Sellers Rank #710,423 in Cell Phones & Accessories ( See Top 100 in Cell Phones & Accessories ) #1,258 in Cell Phone SIM Cards""], ""bestseller_rank"": [""Best Sellers Rank #710,423 in Cell Phones & Accessories ( See Top 100 in Cell Phones & Accessories ) #1,258 in Cell Phone SIM Cards""], ""title"": [""Thailand eSIM | 15GB Super Saver Refillable Plan! QR Code Sent via Email in 24Hrs - Scan & Use Immediately | Auto Activating 30 Day Validity | 5G Speed + Hotspot | Data-Only No Phone Number""]}"
amazon_us,th,"Aisa eSIM 20Days 15GB | Instant Email Delivery | 11 Countries Including Japan, South Korea, China, Thailand, and Singapore | 5G, 4G/LTE | Prepaid eSIM for Aisa Travel | Hotspot Supported | Data ONLY",23.13,880,,,,True,517,20일,20일,,local,lte_4g_only,"{""ais"": null, ""dtac"": null, ""truemove"": null}",15GB,https://www.amazon.com/20Days-15GB-Countries-Including-Singapore/dp/B0FXB3V38J,B0FXB3V38J,B0FXB3V38J,Starway Mobile,Brand: Starway,"{""price_usd"": [""$23.13""], ""usage_validity"": [""Aisa eSIM 20Days 15GB | Instant Email Delivery | 11 Countries Including Japan, South Korea, China, Thailand, and Singapore | 5G, 4G/LTE | Prepaid eSIM for Aisa Travel | Hotspot Sup""], ""data_amount"": [""Aisa 15GB 20-Day eSIM: Enjoy 15GB of high-speed 4G/5G data for 20 days! After using the 15GB high-speed data, continue browsing with unlimited data at 256Kbps. Hotspot sharing is s""], ""network_type"": [""Instant Aisa eSIM: 15GB in 20 Days Get your eSIM instantly via email - Instant Access - Forget Shipping Delays! Visit our website (https://mcrmgr.umacaroon.com/starway), enter your"", ""score: local=3, roaming=1""], ""network_generation"": [""product_info_cellular_4g_lte: source:product_info_cellular: Cellular Technology LTE"", ""product_info_cellular_4g_lte: source:product_info_cellular: Cellular Technology LTE""], ""review_count"": [""detail_page: 880""], ""is_bestseller"": [""Best Sellers Rank #230,951 in Cell Phones & Accessories ( See Top 100 in Cell Phones & Accessories ) #517 in Cell Phone SIM Cards""], ""bestseller_rank"": [""Best Sellers Rank #230,951 in Cell Phones & Accessories ( See Top 100 in Cell Phones & Accessories ) #517 in Cell Phone SIM Cards""], ""title"": [""Aisa eSIM 20Days 15GB | Instant Email Delivery | 11 Countries Including Japan, South Korea, China, Thailand, and Singapore | 5G, 4G/LTE | Prepaid eSIM for Aisa Travel | Hotspot Supported | Data ONLY""]}"
amazon_us,th,[eSIM] 5G Thailand eSIM 30 Days Unlimited Data | 15GB High-Speed 5G + Unlimited Data at Reduced Speed | AIS Network | Hotspot tethering Supported | Easy to Use | Ideal for Travelers,19.99,1,,,,,,30일,30일,,roaming,5g_capable,"{""ais"": true, ""dtac"": null, ""truemove"": null}",15GB,https://www.amazon.com/Unlimited-High-Speed-tethering-Supported-Travelers/dp/B0H82KGT1L,B0H82KGT1L,B0H82KGT1L,ESIMFUN,Visit the ESIMFUN Store,"{""price_usd"": [""$19.99""], ""usage_validity"": [""[eSIM] 5G Thailand eSIM 30 Days Unlimited Data | 15GB High-Speed 5G + Unlimited Data at Reduced Speed | AIS Network | Hotspot tethering Supported | Easy to Use | Ideal for Traveler""], ""data_amount"": [""Product description Everything You Need for Thailand Travel Connectivity Fast Data on a Reliable Network This Thailand Travel eSIM runs on the AIS Network, delivering 15GB of high-""], ""network_type"": [""💻 Instant Activation & Easy Setup – No physical SIM required! Simply scan the eSIM QR code to activate and start using your data. Plesae don't forget to turn on the roaming data & "", ""Product description Everything You Need for Thailand Travel Connectivity Fast Data on a Reliable Network This Thailand Travel eSIM runs on the AIS Network, delivering 15GB of high-"", ""score: local=1, roaming=2""], ""network_generation"": [""product_info_cellular_5g: source:product_info_cellular: Cellular Technology 5G/4G LTE"", ""product_info_cellular_5g: source:product_info_cellular: Cellular Technology 5G/4G LTE""], ""carrier_support_local"": [""AIS: Product description Everything You Need for Thailand Travel Connectivity Fast Data on a Reliable Network This Thailand Travel eSIM runs on the AIS Net"", ""AIS: Service Provider AIS Telecom"", ""AIS: Amazon.com: [eSIM] 5G Thailand eSIM 30 Days Unlimited Data | 15GB High-Speed 5G + Unlimited Data at Reduced Speed | AIS Network | Hotspot tethering Su"", ""AIS: [eSIM] 5G Thailand eSIM 30 Days Unlimited Data | 15GB High-Speed 5G + Unlimited Data at Reduced Speed | AIS Network | Hotspot tethering Supported | Ea"", ""AIS: [eSIM] 5G Thailand eSIM 30 Days Unlimited Data | 15GB High-Speed 5G + Unlimited Data at Reduced Speed | AIS Network | Hotspot tethering Supported | Ea"", ""AIS: [eSIM] 5G Thailand eSIM 30 Days Unlimited Data | 15GB High-Speed 5G + Unlimited Data at Reduced Speed | AIS Network | Hotspot tethering Supported | Ea"", ""AIS: Amazon.com: [eSIM] 5G Thailand eSIM 30 Days Unlimited Data | 15GB High-Speed 5G + Unlimited Data at Reduced Speed | AIS Network | Hotspot tethering Su""], ""review_count"": [""detail_page: 1""], ""title"": [""[eSIM] 5G Thailand eSIM 30 Days Unlimited Data | 15GB High-Speed 5G + Unlimited Data at Reduced Speed | AIS Network | Hotspot tethering Supported | Easy to Use | Ideal for Travelers""]}"
amazon_us,th,"Prepaid Travel eSIM - 10GB 30Days for Mainland China, Japan, South Korea, Singapore & Thailand (11 Asian Countries Total) | Get QR Code Instantly | 4G LTE High-Speed Network | Hotspot Support",29.99,4,,,,True,119,30일,30일,,unknown,lte_4g_only,"{""ais"": null, ""dtac"": null, ""truemove"": null}",10GB,https://www.amazon.com/10GB-Singapore-Philippines-Indonesia-High-Speed/dp/B0FGCV8JQB,B0FGCV8JQB,B0FGCV8JQB,STAR VENTURE,Visit the ＵＲＯＺＥＴＴＡ Store,"{""price_usd"": [""$29.99""], ""usage_validity"": [""Prepaid Travel eSIM - 10GB 30Days for Mainland China, Japan, South Korea, Singapore & Thailand (11 Asian Countries Total) | Get QR Code Instantly | 4G LTE High-Speed Network | Hots""], ""data_amount"": [""Enjoy High-Speed on a Local Network: Get 10GB of 5G/4G LTE high-speed data for 30 days, covering Mainland China, Japan, South Korea, Singapore, Malaysia, Thailand, Indonesia, Vietn""], ""network_type"": [""local_signal: Enjoy High-Speed on a Local Network: Get 10GB of 5G/4G LTE high-speed data for 30 days, covering Mainland China, Japan, South Korea, Singapore, Malaysia, Thailand, Indonesia, Vietn"", ""roaming_signal: Product description Previous page Next page 1 Fast eSIM Network 2 Apps Travel With You 3 Turn eSIM into WiFi 4 Snap QR, Get eSIM 5 Instant eSIM Activation Previous page Reliable 4G"", ""insufficient_or_conflicting_signals(local=6, roaming=3)""], ""network_generation"": [""product_info_cellular_4g_lte: source:product_info_cellular: Cellular Technology LTE"", ""product_info_cellular_4g_lte: source:product_info_cellular: Cellular Technology LTE""], ""review_count"": [""detail_page: 4 global ratings""], ""is_bestseller"": [""Best Sellers Rank #54,635 in Cell Phones & Accessories ( See Top 100 in Cell Phones & Accessories ) #119 in Cell Phone SIM Cards""], ""bestseller_rank"": [""Best Sellers Rank #54,635 in Cell Phones & Accessories ( See Top 100 in Cell Phones & Accessories ) #119 in Cell Phone SIM Cards""], ""title"": [""Prepaid Travel eSIM - 10GB 30Days for Mainland China, Japan, South Korea, Singapore & Thailand (11 Asian Countries Total) | Get QR Code Instantly | 4G LTE High-Speed Network | Hotspot Support""]}"
amazon_us,th,[eSIM] 5G Singapore/Malaysia/Thailand eSIM 30 Days Unlimited Data | 15GB High-Speed 5G + Unlimited Data at Reduced Speed | Hotspot tethering Supported | Easy to Use | Ideal for Travelers,26.99,1,,,,,,30일,30일,,roaming,5g_capable,"{""ais"": true, ""dtac"": null, ""truemove"": null}",15GB,https://www.amazon.com/Singapore-Unlimited-High-Speed-tethering-Supported/dp/B0H3Z57G9B,B0H3Z57G9B,B0H3Z57G9B,ESIMFUN,Visit the ESIMFUN Store,"{""price_usd"": [""$26.99""], ""usage_validity"": [""[eSIM] 5G Singapore/Malaysia/Thailand eSIM 30 Days Unlimited Data | 15GB High-Speed 5G + Unlimited Data at Reduced Speed | Hotspot tethering Supported | Easy to Use | Ideal for Tra""], ""data_amount"": [""Product description Everything You Need to Stay Connected Across Singapore, Malaysia & Thailand Fast 5G/4G LTE Data for 30 Days Get 15GB of high-speed 5G/4G LTE data valid for 30 d""], ""network_type"": [""💻 Instant Activation & Easy Setup – No physical SIM required! Simply scan the eSIM QR code to activate and start using your data. Plesae don't forget to turn on the roaming data & "", ""Product description Everything You Need to Stay Connected Across Singapore, Malaysia & Thailand Fast 5G/4G LTE Data for 30 Days Get 15GB of high-speed 5G/4G LTE data valid for 30 d"", ""score: local=1, roaming=4""], ""network_generation"": [""product_info_cellular_5g: source:product_info_cellular: Cellular Technology 5G/4G LTE"", ""product_info_cellular_5g: source:product_info_cellular: Cellular Technology 5G/4G LTE""], ""carrier_support_local"": [""AIS: Service Provider Singtel; Maxis; AIS""], ""review_count"": [""detail_page: 1""], ""title"": [""[eSIM] 5G Singapore/Malaysia/Thailand eSIM 30 Days Unlimited Data | 15GB High-Speed 5G + Unlimited Data at Reduced Speed | Hotspot tethering Supported | Easy to Use | Ideal for Travelers""]}"
amazon_us,th,[eSIM] 5G Singapore/Malaysia/Thailand eSIM 15 Days Unlimited Data | 8GB High-Speed 5G + Unlimited Data at Reduced Speed | Hotspot tethering Supported | Easy to Use | Ideal for Travelers,19.99,1,,,,,,10일,10일,15일,roaming,5g_capable,"{""ais"": true, ""dtac"": null, ""truemove"": null}",8GB,https://www.amazon.com/Singapore-Unlimited-High-Speed-tethering-Supported/dp/B0H3ZFBQDS,B0H3ZFBQDS,B0H3ZFBQDS,ESIMFUN,Visit the ESIMFUN Store,"{""price_usd"": [""$19.99""], ""usage_validity"": [""Thailand eSIM: 10 Days Unlimited High-Speed Data Activate by 12/31/2024,100 Mins Lo...""], ""activation_validity"": [""[eSIM] 5G Singapore/Malaysia/Thailand eSIM 15 Days Unlimited Data | 8GB High-Speed 5G + Unlimited Data at Reduced Speed | Hotspot tethering Supported | Easy to Use | Ideal for Trav""], ""data_amount"": [""Product description Everything You Need for Connected Travel 8GB 5G Data Across Three Countries Get 8GB of high-speed 5G data for use across Singapore, Malaysia, and Thailand. Once""], ""network_type"": [""💻 Instant Activation & Easy Setup – No physical SIM required! Simply scan the eSIM QR code to activate and start using your data. Plesae don't forget to turn on the roaming data & "", ""Product description Everything You Need for Connected Travel 8GB 5G Data Across Three Countries Get 8GB of high-speed 5G data for use across Singapore, Malaysia, and Thailand. Once"", ""score: local=1, roaming=2""], ""network_generation"": [""product_info_cellular_5g: source:product_info_cellular: Cellular Technology 5G/4G LTE"", ""product_info_cellular_5g: source:product_info_cellular: Cellular Technology 5G/4G LTE""], ""carrier_support_local"": [""AIS: Product description Everything You Need for Connected Travel 8GB 5G Data Across Three Countries Get 8GB of high-speed 5G data for use across Singapore"", ""AIS: Service Provider Singtel; Maxis; AIS""], ""review_count"": [""detail_page: 1""], ""title"": [""[eSIM] 5G Singapore/Malaysia/Thailand eSIM 15 Days Unlimited Data | 8GB High-Speed 5G + Unlimited Data at Reduced Speed | Hotspot tethering Supported | Easy to Use | Ideal for Travelers""]}"
amazon_us,th,Singapore Malaysia Thailand eSIM 5G High Speed Data Supports Hotspot 3GB to 50GB Email Delivery (3GB for 30 Days),10.9,,,,,,,30일,30일,30일,unknown,5g_capable,"{""ais"": null, ""dtac"": true, ""truemove"": true}",5GB,https://www.amazon.com/Singapore-Malaysia-Thailand-Supports-Delivery/dp/B0H5JH78QC,B0H5JH78QC,B0H5JH78QC,Brand: easytravelSIM,Brand: easytravelSIM,"{""price_usd"": [""$10.90""], ""usage_validity"": [""Singapore Malaysia Thailand eSIM 5G High Speed Data Supports Hotspot 3GB to 50GB Email Delivery (3GB for 30 Days)""], ""activation_validity"": [""⚠️ Data-only eSIM . No voice or SMS services. ⚠️ ⚠️ Valid for 60 days from the date of purchase. ⚠️ ⚠️ Each day is counted as a 24-hour period. Example: If you arrive in Singapore/""], ""data_amount"": [""⚠️ Data-only eSIM . No voice or SMS services. ⚠️ ⚠️ Valid for 60 days from the date of purchase. ⚠️ ⚠️ Each day is counted as a 24-hour period. Example: If you arrive in Singapore/""], ""network_type"": [""insufficient_or_conflicting_signals(local=0, roaming=-2)""], ""network_generation"": [""product_info_cellular_5g: source:product_info_cellular: Cellular Technology 5G/4G/LTE"", ""product_info_cellular_5g: source:product_info_cellular: Cellular Technology 5G/4G/LTE"", ""product_info_cellular_4g_lte_signal_present_but_5g_capable_takes_precedence""], ""carrier_support_local"": [""dtac, TrueMove H: ⚠️ Data-only eSIM . No voice or SMS services. ⚠️ ⚠️ Valid for 60 days from the date of purchase. ⚠️ ⚠️ Each day is counted as a 24-hour period. Exampl""], ""title"": [""Singapore Malaysia Thailand eSIM 5G High Speed Data Supports Hotspot 3GB to 50GB Email Delivery (3GB for 30 Days)""]}"
amazon_us,th,"eSIM for Singapore Malaysia Thailand Trave Internationa Travel,4/5G LTE Prepaid 10 Days Plan,2GB Daily Data Only Global Travel eSIM Card",19.99,4,,,,True,747,10일,10일,,unknown,lte_4g_only,"{""ais"": null, ""dtac"": null, ""truemove"": null}",2GB,https://www.amazon.com/Internationa-10-Days-2GB-Daily/dp/B0DSSTMY2B,B0DSSTMY2B,B0DSSTMY2B,Mossroam,Visit the mossroam Store,"{""price_usd"": [""$19.99""], ""usage_validity"": [""eSIM for Singapore Malaysia Thailand Trave Internationa Travel,4/5G LTE Prepaid 10 Days Plan,2GB Daily Data Only Global Travel eSIM Card""], ""data_amount"": [""Model Number 10 Days ,2GB/Daily""], ""network_type"": [""roaming_signal: Please use your eSIM card after you have arrived at your destination. When you turn on the roaming function, your card will be activated as soon as you arrive at your destination a"", ""insufficient_or_conflicting_signals(local=0, roaming=-1)""], ""network_generation"": [""product_info_cellular_4g_lte: source:product_info_cellular: Cellular Technology LTE"", ""product_info_cellular_4g_lte: source:product_info_cellular: Cellular Technology LTE""], ""review_count"": [""detail_page: 4 global ratings""], ""is_bestseller"": [""Best Sellers Rank #350,185 in Cell Phones & Accessories ( See Top 100 in Cell Phones & Accessories ) #747 in Cell Phone SIM Cards""], ""bestseller_rank"": [""Best Sellers Rank #350,185 in Cell Phones & Accessories ( See Top 100 in Cell Phones & Accessories ) #747 in Cell Phone SIM Cards""], ""title"": [""eSIM for Singapore Malaysia Thailand Trave Internationa Travel,4/5G LTE Prepaid 10 Days Plan,2GB Daily Data Only Global Travel eSIM Card""]}"
amazon_us,th,Thailand eSIM 5G High Speed Data Supports Hotspot 30 Days 3-20GB Email Delivery (3GB for 30 Days),9.9,,,,,,,30일,30일,30일,unknown,5g_capable,"{""ais"": true, ""dtac"": true, ""truemove"": null}",5GB,https://www.amazon.com/Thailand-Supports-Hotspot-3-20GB-Delivery/dp/B0H5J81JNX,B0H5J81JNX,B0H5J81JNX,Brand: easytravelSIM,Brand: easytravelSIM,"{""price_usd"": [""$9.90""], ""usage_validity"": [""Thailand eSIM 5G High Speed Data Supports Hotspot 30 Days 3-20GB Email Delivery (3GB for 30 Days)""], ""activation_validity"": [""⚠️ Data-only eSIM. No voice or SMS services. ⚠️ Valid for 90 days from date of purchase. ⚠️ Each day is a 24-hour period. Example: Arrive in Thailand at 1 PM, it ends at 1 PM the n""], ""data_amount"": [""⚠️ Data-only eSIM. No voice or SMS services. ⚠️ Valid for 90 days from date of purchase. ⚠️ Each day is a 24-hour period. Example: Arrive in Thailand at 1 PM, it ends at 1 PM the n""], ""network_type"": [""insufficient_or_conflicting_signals(local=0, roaming=-2)""], ""network_generation"": [""product_info_cellular_5g: source:product_info_cellular: Cellular Technology 5G/4G/LTE"", ""product_info_cellular_5g: source:product_info_cellular: Cellular Technology 5G/4G/LTE"", ""product_info_cellular_4g_lte_signal_present_but_5g_capable_takes_precedence""], ""carrier_support_local"": [""AIS: ⚠️ Data-only eSIM. No voice or SMS services. ⚠️ Valid for 90 days from date of purchase. ⚠️ Each day is a 24-hour period. Example: Arrive in Thailand "", ""AIS: Service Provider AIS"", ""AIS, dtac: [eSIM] Thailand eSIM | 30DAYS 10GB | 5G, 4G/LTE, Tethering, Hotspot | SIM with Instant Activation in 10 Minutes | AIS, DTAC,"", ""AIS: Amazon.com: Thailand eSIM 5G High Speed Data Supports Hotspot 30 Days 3-20GB Email Delivery (3GB for 30 Days) : Cell Phones & Accessories Skip to Main""], ""title"": [""Thailand eSIM 5G High Speed Data Supports Hotspot 30 Days 3-20GB Email Delivery (3GB for 30 Days)""]}"
amazon_us,th,"Asia Travel eSIM - 5GB/8-Day Prepaid Data Plan for Japan, South Korea, Singapore & Thailand (10 Asian Countries Total) | 4G LTE High-Speed Network | Hotspot Support | Easy Activation",9.9,1,,,,True,957,8일,8일,,unknown,lte_4g_only,"{""ais"": null, ""dtac"": null, ""truemove"": null}",5GB,https://www.amazon.com/Asia-Travel-eSIM-High-Speed-Activation/dp/B0DR8V9JHL,B0DR8V9JHL,B0DR8V9JHL,STAR VENTURE,Brand: ＵＲＯＺＥＴＴＡ,"{""price_usd"": [""$9.90""], ""usage_validity"": [""Asia Travel eSIM - 5GB/8-Day Prepaid Data Plan for Japan, South Korea, Singapore & Thailand (10 Asian Countries Total) | 4G LTE High-Speed Network | Hotspot Support | Easy Activati""], ""data_amount"": [""5GB 8-days Asia eSIM: Enjoy high-speed 4G coverage across Japan, South Korea, Singapore & Thailand (10 Asian Countries Total) . Supports mobile hotspot sharing with reliable covera""], ""network_type"": [""local_signal: Product description Previous page Next page 1 Fast eSIM Network 2 Apps Travel With You 3 Turn eSIM into WiFi 4 Snap QR, Get eSIM 5 Instant eSIM Activation Previous page Reliable 4G"", ""roaming_signal: Product description Previous page Next page 1 Fast eSIM Network 2 Apps Travel With You 3 Turn eSIM into WiFi 4 Snap QR, Get eSIM 5 Instant eSIM Activation Previous page Reliable 4G"", ""insufficient_or_conflicting_signals(local=6, roaming=3)""], ""network_generation"": [""product_info_cellular_4g_lte: source:product_info_cellular: Cellular Technology LTE"", ""product_info_cellular_4g_lte: source:product_info_cellular: Cellular Technology LTE""], ""review_count"": [""detail_page: 1 global rating""], ""is_bestseller"": [""Best Sellers Rank #480,403 in Cell Phones & Accessories ( See Top 100 in Cell Phones & Accessories ) #957 in Cell Phone SIM Cards""], ""bestseller_rank"": [""Best Sellers Rank #480,403 in Cell Phones & Accessories ( See Top 100 in Cell Phones & Accessories ) #957 in Cell Phone SIM Cards""], ""title"": [""Asia Travel eSIM - 5GB/8-Day Prepaid Data Plan for Japan, South Korea, Singapore & Thailand (10 Asian Countries Total) | 4G LTE High-Speed Network | Hotspot Support | Easy Activation""]}"
amazon_us,th,"Thailand Data SIM Card,3GB High-Speed 5G/4G LTE Fixed Data,for 7 Days - Prepaid, No Hidden Fees - Ideal for Tourists & Business Trips",12.99,880,,,,True,582,7일,7일,,local,lte_4g_only,"{""ais"": null, ""dtac"": null, ""truemove"": null}",unlimited,https://www.amazon.com/Thailand-3GB-High-Speed-Fixed-Days/dp/B0F3GT5NF4,B0F3GT5NF4,B0F3GT5NF4,Mossroam,Visit the mossroam Store,"{""price_usd"": [""$12.99""], ""usage_validity"": [""Thailand Data SIM Card,3GB High-Speed 5G/4G LTE Fixed Data,for 7 Days - Prepaid, No Hidden Fees - Ideal for Tourists & Business Trips""], ""data_amount"": [""Low speed data:When the daily/ total data are run out, the data speed would be reduced but not below 384 kbps with unlimited access.""], ""network_type"": [""Hotspot support:Our plans, which are applicable for data internet to use at the country package your purchased. And it is supported by the hotspot,but not come with local number fo"", ""score: local=3, roaming=-2""], ""network_generation"": [""product_info_cellular_4g_lte: source:product_info_cellular: Cellular Technology LTE"", ""product_info_cellular_4g_lte: source:product_info_cellular: Cellular Technology LTE""], ""review_count"": [""detail_page: 880""], ""is_bestseller"": [""Best Sellers Rank #265,701 in Cell Phones & Accessories ( See Top 100 in Cell Phones & Accessories ) #582 in Cell Phone SIM Cards""], ""bestseller_rank"": [""Best Sellers Rank #265,701 in Cell Phones & Accessories ( See Top 100 in Cell Phones & Accessories ) #582 in Cell Phone SIM Cards""], ""title"": [""Thailand Data SIM Card,3GB High-Speed 5G/4G LTE Fixed Data,for 7 Days - Prepaid, No Hidden Fees - Ideal for Tourists & Business Trips""]}"
amazon_us,th,"Asia eSIM 30 Days 15GB for Japan, South Korea, Singapore, Total 10 Asia Countries, High-Speed 4G/5G Data, Hotspot Supported, Quick Activation, Prepaid eSIM for Travel, Business, etc.",23.74,3,,,,True,549,30일,30일,30일,roaming,5g_capable,"{""ais"": null, ""dtac"": null, ""truemove"": null}",15GB,https://www.amazon.com/15GB-Singapore-Countries-High-Speed-Activation/dp/B0FL81NG14,B0FL81NG14,B0FL81NG14,Starway Mobile,Visit the ＵＲＯＺＥＴＴＡ Store,"{""price_usd"": [""$23.74""], ""usage_validity"": [""Asia eSIM 30 Days 15GB for Japan, South Korea, Singapore, Total 10 Asia Countries, High-Speed 4G/5G Data, Hotspot Supported, Quick Activation, Prepaid eSIM for Travel, Business, et""], ""activation_validity"": [""With this Asia Travel eSIM, you can contact your family, your friends any time. Providing 15GB of high-speed 4G/LTE data for 30 days. Totally you can use 15GB high speed data. Acti""], ""data_amount"": [""📱15GB 30 Days eSIM for Aisa: Enjoy a total of 15GB of high-speed 4G/5G premium network, support hotspot sharing, no SIM card required, no calls and SMS. After 15GB high-speed traff""], ""network_type"": [""⚡Super Simple Code Activation: After purchase, you will receive a small package containing the operation manual, connect to Wi-Fi and scan the QR code attached to the eSIM, install"", ""With this Asia Travel eSIM, you can contact your family, your friends any time. Providing 15GB of high-speed 4G/LTE data for 30 days. Totally you can use 15GB high speed data. Acti"", ""score: local=0, roaming=2""], ""network_generation"": [""product_detail_5g: source:feature_bullets: 📱15GB 30 Days eSIM for Aisa: Enjoy a total of 15GB of high-speed 4G/5G premium network, support hotspot sharing, no SIM card required, no calls and SMS. Aft"", ""product_detail_5g: source:feature_bullets: 🌐High-speed 4G/5G Network Guaranteed: High coverage from multiple carriers in Asia for stable connectivity even in remote areas. Ensures you can smoothly br"", ""product_detail_4g_lte_signal_present_but_5g_capable_takes_precedence""], ""review_count"": [""detail_page: 3""], ""is_bestseller"": [""Best Sellers Rank #249,392 in Cell Phones & Accessories ( See Top 100 in Cell Phones & Accessories ) #549 in Cell Phone SIM Cards""], ""bestseller_rank"": [""Best Sellers Rank #249,392 in Cell Phones & Accessories ( See Top 100 in Cell Phones & Accessories ) #549 in Cell Phone SIM Cards""], ""title"": [""Asia eSIM 30 Days 15GB for Japan, South Korea, Singapore, Total 10 Asia Countries, High-Speed 4G/5G Data, Hotspot Supported, Quick Activation, Prepaid eSIM for Travel, Business, etc.""]}"
amazon_us,th,"Sim Card Unlimited Data with 15GB High-Speed, Works in 12 Asia-Pacific Countries for 15 Days Including Vietnam, Singapore, Malaysia, Indonesia, and Thailand",26.99,3,,,,True,712,15일,15일,30일,local,5g_capable,"{""ais"": null, ""dtac"": null, ""truemove"": null}",1GB,https://www.amazon.com/Unlimited-High-Speed-Southeast-15-Days/dp/B0F1MPNJ9K,B0F1MPNJ9K,B0F1MPNJ9K,Jethro Trading Ltd.,Visit the JETSIM Store,"{""price_usd"": [""$26.99""], ""usage_validity"": [""Sim Card Unlimited Data with 15GB High-Speed, Works in 12 Asia-Pacific Countries for 15 Days Including Vietnam, Singapore, Malaysia, Indonesia, and Thailand""], ""activation_validity"": [""Product description How do I activate the SIM card? Once you receive your SIM card, simply complete the activation form and we will activate your plan. When you arrive at your dest""], ""data_amount"": [""[Fast & Reliable Data] 1GB high-speed daily + unlimited basic data for 15 days - ideal for maps, social media, and emails.""], ""network_type"": [""Product description How do I activate the SIM card? Once you receive your SIM card, simply complete the activation form and we will activate your plan. When you arrive at your dest"", ""score: local=3, roaming=0""], ""network_generation"": [""product_info_cellular_5g: source:product_info_cellular: Cellular Technology 5G/4G"", ""product_info_cellular_5g: source:product_info_cellular: Cellular Technology 5G/4G""], ""review_count"": [""detail_page: 3 global ratings""], ""is_bestseller"": [""Best Sellers Rank #334,544 in Cell Phones & Accessories ( See Top 100 in Cell Phones & Accessories ) #712 in Cell Phone SIM Cards""], ""bestseller_rank"": [""Best Sellers Rank #334,544 in Cell Phones & Accessories ( See Top 100 in Cell Phones & Accessories ) #712 in Cell Phone SIM Cards""], ""title"": [""Sim Card Unlimited Data with 15GB High-Speed, Works in 12 Asia-Pacific Countries for 15 Days Including Vietnam, Singapore, Malaysia, Indonesia, and Thailand""]}"
amazon_us,th,Thailand eSIM 15GB 8 Days,34.99,,,,,,,8일,8일,,unknown,unknown,"{""ais"": true, ""dtac"": null, ""truemove"": null}",15GB,https://www.amazon.com/Thailand-eSIM-15GB-8-Days/dp/B0C8GHRNC3,B0C8GHRNC3,B0C8GHRNC3,Brand: Generic,Brand: Generic,"{""price_usd"": [""$34.99""], ""usage_validity"": [""Thailand eSIM 15GB 8 Days""], ""data_amount"": [""AIS Traveller Thailand eSIM 15GB 8Days Data plan""], ""network_type"": [""no_local_or_roaming_keyword_matched""], ""network_generation"": [""fallback_5g: source:meta_description: Amazon.com: Thailand eSIM 15GB 8 Days : Cell Phones & Accessories"", ""fallback_4g_lte: source:image_alt: ENC Mobile Asia SIM Card: Prepaid Data Only 10GB/30Days 5G/4G LTE | Unlimited Data at Reduced Speed - 3 in 1 Travel SIM Card"", ""fallback_only_network_generation_signal""], ""carrier_support_local"": [""AIS: AIS Traveller Thailand eSIM 15GB 8Days Data plan"", ""AIS: Manufacturer AIS Traveller"", ""AIS: Amazon.com: Thailand eSIM 15GB 8 Days : Cell Phones & Accessories Skip to Main content About this item About this item About this item Buying options ""], ""title"": [""Thailand eSIM 15GB 8 Days""]}"
amazon_us,th,"Thailand eSIM: 10 Days Unlimited High-Speed Data Activate by 12/31/2024,100 Mins Local Calls and 30 Mins to China, HK, Taiwan & More,Free Call in, No Contract, No SIM Card, Support Hotspots",15.99,2,,,,True,984,1일,1일,10일,unknown,lte_4g_only,"{""ais"": null, ""dtac"": true, ""truemove"": null}",50GB,https://www.amazon.com/Thailand-High-Speed-hotspots-Contract-Physical/dp/B0CR3QZ123,B0CR3QZ123,B0CR3QZ123,shuoxing E-commerce,Visit the gtesim Store,"{""price_usd"": [""$15.99""], ""usage_validity"": [""✈Easy To Activate: Purchase the prepaid eSIM, get a redeem code to generate an eSIM QR code, scan the QR code to install the eSIM. The eSIM is considered to be activated when the i""], ""activation_validity"": [""Thailand eSIM: 10 Days Unlimited High-Speed Data Activate by 12/31/2024,100 Mins Local Calls and 30 Mins to China, HK, Taiwan & More,Free Call in, No Contract, No SIM Card, Support""], ""data_amount"": [""✈Package Details: It's eSim 50GB Data only ,no physical Sim Card, 100 minutes of Thailand local calls, 30 minutes of Mainland China/Hong Kong/Macau/ Taiwan/India/Korea/Vietnam call""], ""network_type"": [""local_signal: Thailand eSIM: 10 Days Unlimited High-Speed Data Activate by 12/31/2024,100 Mins Local Calls and 30 Mins to China, HK, Taiwan & More,Free Call in, No Contract, No SIM Card, Support"", ""roaming_signal: Europe Roaming Essential Unlimited Data 10GB High-Speed Data Local Carriers eSIM for 30 Days No C..."", ""insufficient_or_conflicting_signals(local=27, roaming=2)""], ""network_generation"": [""product_info_cellular_4g_lte: source:product_info_cellular: Cellular Technology LTE"", ""product_info_cellular_4g_lte: source:product_info_cellular: Cellular Technology LTE""], ""carrier_support_local"": [""dtac: ✈Quality Network Services: Supported by local telecommunication carrier DTAC, it offers 5G/4G/LTE internet speeds, with wide signal coverage, stable n"", ""dtac: Service Provider local carriers(DTAC)""], ""review_count"": [""detail_page: 2 global ratings""], ""is_bestseller"": [""Best Sellers Rank #502,655 in Cell Phones & Accessories ( See Top 100 in Cell Phones & Accessories ) #984 in Cell Phone SIM Cards""], ""bestseller_rank"": [""Best Sellers Rank #502,655 in Cell Phones & Accessories ( See Top 100 in Cell Phones & Accessories ) #984 in Cell Phone SIM Cards""], ""title"": [""Thailand eSIM: 10 Days Unlimited High-Speed Data Activate by 12/31/2024,100 Mins Local Calls and 30 Mins to China, HK, Taiwan & More,Free Call in, No Contract, No SIM Card, Support Hotspots""]}"
amazon_us,th,"Happy 5G eSim Asia | China, South Korea, Japan, Singapore, Malaysia, Indonesia, Thailand, Philippines, Vietnam, Cambodia, New Zealand Unlimited Data Travel eSim | 5G High-Speed Data Then 256kbps",22.99,6,,,,True,148,30일,30일,,local,5g_capable,"{""ais"": true, ""dtac"": true, ""truemove"": null}",unlimited,https://www.amazon.com/5G-eSim-South-Korea-Philippines/dp/B0DHVQWCD3,B0DHVQWCD3,B0DHVQWCD3,HAPPY SIM,Visit the HAPPY TELECOM Store,"{""price_usd"": [""$22.99""], ""usage_validity"": [""▶ Scan QR Code, no registration is required- unlimited data service, no calls/texts- after the usage reaches 15GB, service continues at a throttled speed of 256kbps- the service 30""], ""data_amount"": [""▶ Scan QR Code, no registration is required- unlimited data service, no calls/texts- after the usage reaches 15GB, service continues at a throttled speed of 256kbps- the service 30""], ""network_type"": [""▶ After installing eSIM, please ensure your original local SIM is OFF or disconnected, to avoid causing high roaming charges. Access Google, Facebook, Instagram, Youtube, Twitter &"", ""score: local=3, roaming=0""], ""network_generation"": [""product_info_cellular_5g: source:product_info_cellular: Cellular Technology 5G"", ""product_info_cellular_5g: source:product_info_cellular: Cellular Technology 5G""], ""carrier_support_local"": [""AIS, dtac: [eSIM] Thailand eSIM | 30DAYS 10GB | 5G, 4G/LTE, Tethering, Hotspot | SIM with Instant Activation in 10 Minutes | AIS, DTAC,""], ""review_count"": [""detail_page: 6""], ""is_bestseller"": [""Best Sellers Rank #64,900 in Cell Phones & Accessories ( See Top 100 in Cell Phones & Accessories ) #148 in Cell Phone SIM Cards""], ""bestseller_rank"": [""Best Sellers Rank #64,900 in Cell Phones & Accessories ( See Top 100 in Cell Phones & Accessories ) #148 in Cell Phone SIM Cards""], ""title"": [""Happy 5G eSim Asia | China, South Korea, Japan, Singapore, Malaysia, Indonesia, Thailand, Philippines, Vietnam, Cambodia, New Zealand Unlimited Data Travel eSim | 5G High-Speed Data Then 256kbps""]}"
amazon_us,th,BroadSim+ Thailand 15GB + Calls 5G Speeds Prepaid eSim Card valid for 8 days,14.99,,,,,,,8일,8일,8일,unknown,lte_4g_only,"{""ais"": null, ""dtac"": true, ""truemove"": null}",15GB,https://www.amazon.com/BroadSim-Thailand-Calls-Speeds-Prepaid/dp/B0CK6VVH44,B0CK6VVH44,B0CK6VVH44,BroadSim+,Brand: Generic,"{""price_usd"": [""$14.99""], ""usage_validity"": [""BroadSim+ Thailand 15GB + Calls 5G Speeds Prepaid eSim Card valid for 8 days""], ""activation_validity"": [""Enjoy the fastest connection speeds and free calls over 5G with DTAC's Thailand eSim 15GB/8 Days package. Enjoy 15GB of data over 8 days with no extra roaming charges. Stay connect""], ""data_amount"": [""5G 15GB High Speed Data""], ""network_type"": [""roaming_signal: Enjoy the fastest connection speeds and free calls over 5G with DTAC's Thailand eSim 15GB/8 Days package. Enjoy 15GB of data over 8 days with no extra roaming charges. Stay connect"", ""insufficient_or_conflicting_signals(local=0, roaming=1)""], ""network_generation"": [""product_info_cellular_4g_lte: source:product_info_cellular: Cellular Technology LTE"", ""product_info_cellular_4g_lte: source:product_info_cellular: Cellular Technology LTE""], ""carrier_support_local"": [""dtac: Free Unlimited Domestic Calls in Thailand to DTAC Numbers"", ""dtac: Enjoy the fastest connection speeds and free calls over 5G with DTAC's Thailand eSim 15GB/8 Days package. Enjoy 15GB of data over 8 days with no extra"", ""dtac: Amazon.com: BroadSim+ Thailand 15GB + Calls 5G Speeds Prepaid eSim Card valid for 8 days : Cell Phones & Accessories Skip to Main content About this i""], ""title"": [""BroadSim+ Thailand 15GB + Calls 5G Speeds Prepaid eSim Card valid for 8 days""]}"
amazon_us,th,"SIM Card for Singapore, Malaysia, Thailand – Prepaid Data Plans | 1GB Daily Data only,7 Days | 4/5G High-Speed Internet | Ideal for Travelers",11.99,1,,,,True,692,7일,7일,,local,lte_4g_only,"{""ais"": null, ""dtac"": null, ""truemove"": null}",1GB,https://www.amazon.com/SIM-Card-Singapore-Malaysia-Thailand/dp/B0DSSJV33T,B0DSSJV33T,B0DSSJV33T,Mossroam,Visit the mossroam Store,"{""price_usd"": [""$11.99""], ""usage_validity"": [""SIM Card for Singapore, Malaysia, Thailand – Prepaid Data Plans | 1GB Daily Data only,7 Days | 4/5G High-Speed Internet | Ideal for Travelers""], ""data_amount"": [""Model Number 7 Days ,1GB/Daily""], ""network_type"": [""UROZETTA Europe Prepaid Orange SIM Card |12GB 30Days Local Network | 5G/4G High-Spe..."", ""score: local=3, roaming=-2""], ""network_generation"": [""product_info_cellular_4g_lte: source:product_info_cellular: Cellular Technology LTE"", ""product_info_cellular_4g_lte: source:product_info_cellular: Cellular Technology LTE""], ""review_count"": [""detail_page: 1 global rating""], ""is_bestseller"": [""Best Sellers Rank #324,692 in Cell Phones & Accessories ( See Top 100 in Cell Phones & Accessories ) #692 in Cell Phone SIM Cards""], ""bestseller_rank"": [""Best Sellers Rank #324,692 in Cell Phones & Accessories ( See Top 100 in Cell Phones & Accessories ) #692 in Cell Phone SIM Cards""], ""title"": [""SIM Card for Singapore, Malaysia, Thailand – Prepaid Data Plans | 1GB Daily Data only,7 Days | 4/5G High-Speed Internet | Ideal for Travelers""]}"
amazon_us,th,Asia eSIM 11 Countries High Speed Data Supports Hotspot 30 Days 3-20GB Email Delivery (3GB for 30 Days),15.9,1,,,,,,30일,30일,30일,unknown,5g_capable,"{""ais"": null, ""dtac"": null, ""truemove"": null}",3GB,https://www.amazon.com/Countries-Supports-Hotspot-3-20GB-Delivery/dp/B0H7PD23VH,B0H7PD23VH,B0H7PD23VH,Brand: easytravelSIM,Brand: easytravelSIM,"{""price_usd"": [""$15.90""], ""usage_validity"": [""Asia eSIM 11 Countries High Speed Data Supports Hotspot 30 Days 3-20GB Email Delivery (3GB for 30 Days)""], ""activation_validity"": [""⚠️ Data-only eSIM. No voice or SMS services. ⚠️ Valid for 60 days from date of purchase. ⚠️ Each day is a 24-hour period. Example: Arrive in any supported Asia countries at 1 PM, i""], ""data_amount"": [""⚠️ Data-only eSIM. No voice or SMS services. ⚠️ Valid for 60 days from date of purchase. ⚠️ Each day is a 24-hour period. Example: Arrive in any supported Asia countries at 1 PM, i""], ""network_type"": [""insufficient_or_conflicting_signals(local=0, roaming=-2)""], ""network_generation"": [""product_info_cellular_5g: source:product_info_cellular: Cellular Technology 5G/4G/LTE"", ""product_info_cellular_5g: source:product_info_cellular: Cellular Technology 5G/4G/LTE"", ""product_info_cellular_4g_lte_signal_present_but_5g_capable_takes_precedence""], ""review_count"": [""detail_page: 1""], ""title"": [""Asia eSIM 11 Countries High Speed Data Supports Hotspot 30 Days 3-20GB Email Delivery (3GB for 30 Days)""]}"
amazon_us,th,"eSIM Asia-Pacific 12 - Vietnam, Singapore, Thailand, Taiwan & More | 1GB Data Daily | 5G/4G High-Speed Coverage | Hotspot & Tethering | Plug & Play | Prepaid Digital SIM Card | 7 Days",19.99,1,,,,True,1315,7일,7일,30일,roaming,5g_capable,"{""ais"": null, ""dtac"": null, ""truemove"": null}",1GB,https://www.amazon.com/JetSIM-eSIM-Asia-Singapore-High-Speed/dp/B0F1B4B6N3,B0F1B4B6N3,B0F1B4B6N3,Jethro Trading Ltd.,Visit the JETSIM Store,"{""price_usd"": [""$19.99""], ""usage_validity"": [""eSIM Asia-Pacific 12 - Vietnam, Singapore, Thailand, Taiwan & More | 1GB Data Daily | 5G/4G High-Speed Coverage | Hotspot & Tethering | Plug & Play | Prepaid Digital SIM Card | 7 D""], ""activation_validity"": [""Product description Can I use my eSIM immediately after purchase? Yes. Simply submit the claim form, and we will deliver your eSIM to your email right away. Do I need to activate m""], ""data_amount"": [""[Fast & Reliable Data] 1GB high-speed daily + unlimited basic data for 7 days—ideal for maps, social media, and emails.""], ""network_type"": [""Product description Can I use my eSIM immediately after purchase? Yes. Simply submit the claim form, and we will deliver your eSIM to your email right away. Do I need to activate m"", ""score: local=1, roaming=3""], ""network_generation"": [""product_info_cellular_5g: source:product_info_cellular: Cellular Technology 5G/4G"", ""product_info_cellular_5g: source:product_info_cellular: Cellular Technology 5G/4G""], ""review_count"": [""detail_page: 1""], ""is_bestseller"": [""Best Sellers Rank #767,475 in Cell Phones & Accessories ( See Top 100 in Cell Phones & Accessories ) #1,315 in Cell Phone SIM Cards""], ""bestseller_rank"": [""Best Sellers Rank #767,475 in Cell Phones & Accessories ( See Top 100 in Cell Phones & Accessories ) #1,315 in Cell Phone SIM Cards""], ""title"": [""eSIM Asia-Pacific 12 - Vietnam, Singapore, Thailand, Taiwan & More | 1GB Data Daily | 5G/4G High-Speed Coverage | Hotspot & Tethering | Plug & Play | Prepaid Digital SIM Card | 7 Days""]}"
amazon_us,th,"Europe eSIM Card 20GB 15Days - 4G LTE High-Speed Network, Prepaid eSIM for 32 Countries (Including Switzerland), Hotspot Support, High Coverage Multi-Carrier for Unlocked iPhone and Android",19.7,1,,,,True,73,15일,15일,15일,unknown,lte_4g_only,"{""ais"": null, ""dtac"": null, ""truemove"": null}",20GB,https://www.amazon.com/Europe-eSIM-Card-20GB-15Days/dp/B0FSRW2Y3F,B0FSRW2Y3F,B0FSRW2Y3F,STAR VENTURE,Visit the generic Store,"{""price_usd"": [""$19.70""], ""usage_validity"": [""Europe eSIM Card 20GB 15Days - 4G LTE High-Speed Network, Prepaid eSIM for 32 Countries (Including Switzerland), Hotspot Support, High Coverage Multi-Carrier for Unlocked iPhone an""], ""activation_validity"": [""Stay connected during your travels in European with this convenient Travel Prepaid eSIM. Providing 20GB of high-speed 4G/LTE data for 15 days, it offers seamless coverage across Eu""], ""data_amount"": [""20GB 15-days for Europe(Including Switzerland, UK): Enjoy Europe's most reliable 4G LTE network data. Perfect for travelers and business professionals - supports mobile hotspot sha""], ""network_type"": [""roaming_signal: Stay connected during your travels in European with this convenient Travel Prepaid eSIM. Providing 20GB of high-speed 4G/LTE data for 15 days, it offers seamless coverage across Eu"", ""insufficient_or_conflicting_signals(local=0, roaming=1)""], ""network_generation"": [""product_detail_4g_lte: source:feature_bullets: 20GB 15-days for Europe(Including Switzerland, UK): Enjoy Europe's most reliable 4G LTE network data. Perfect for travelers and business professionals - sup"", ""product_detail_4g_lte: source:product_description: Stay connected during your travels in European with this convenient Travel Prepaid eSIM. Providing 20GB of high-speed 4G/LTE data for 15 days, it offers""], ""review_count"": [""detail_page: 1 global rating""], ""is_bestseller"": [""Best Sellers Rank #36,246 in Cell Phones & Accessories ( See Top 100 in Cell Phones & Accessories ) #73 in Cell Phone SIM Cards""], ""bestseller_rank"": [""Best Sellers Rank #36,246 in Cell Phones & Accessories ( See Top 100 in Cell Phones & Accessories ) #73 in Cell Phone SIM Cards""], ""title"": [""Europe eSIM Card 20GB 15Days - 4G LTE High-Speed Network, Prepaid eSIM for 32 Countries (Including Switzerland), Hotspot Support, High Coverage Multi-Carrier for Unlocked iPhone and Android""]}"
amazon_us,th,"eSIM for Global Travel for 1GB 30 Days, 77+ Countries, Data Only",7.0,11,,,,True,46,30일,30일,,roaming,5g_capable,"{""ais"": null, ""dtac"": null, ""truemove"": null}",1GB,https://www.amazon.com/eSIM-Global-Travel-1GB-Days/dp/B0DW8K5GB1,B0DW8K5GB1,B0DW8K5GB1,hilan IoT,Visit the EIOTCLUB Store,"{""price_usd"": [""$7.00""], ""usage_validity"": [""eSIM for Global Travel for 1GB 30 Days, 77+ Countries, Data Only""], ""data_amount"": [""Enjoy 1GB of high-speed data valid for 30 days across 77+ countries. This eSIM provides reliable 4G/5G LTE coverage, ideal for data tethering and hotspot use. Note: Data-only, no v""], ""network_type"": [""Follow the provided instructions and enter your Amazon order number to receive your eSIM QR code. Once received, turn on the eSIM line on your phone and enable \""Data Roaming\"" for a"", ""score: local=0, roaming=3""], ""network_generation"": [""product_info_cellular_5g: source:product_info_cellular: Cellular Technology 5G"", ""product_info_cellular_5g: source:product_info_cellular: Cellular Technology 5G""], ""review_count"": [""detail_page: 11 global ratings""], ""is_bestseller"": [""Best Sellers Rank #25,571 in Cell Phones & Accessories ( See Top 100 in Cell Phones & Accessories ) #46 in Cell Phone SIM Cards""], ""bestseller_rank"": [""Best Sellers Rank #25,571 in Cell Phones & Accessories ( See Top 100 in Cell Phones & Accessories ) #46 in Cell Phone SIM Cards""], ""title"": [""eSIM for Global Travel for 1GB 30 Days, 77+ Countries, Data Only""]}"
amazon_us,th,"Asia & China eSIM Card - 8 Day 5GB Prepaid International 4G High-Speed Data (Compatible with 5G/4G/LTE) - Easy Activation in Japan, Korea, Thailand, Vietnam, Malaysia & More",29.99,,,,,,,8일,8일,,local,5g_capable,"{""ais"": null, ""dtac"": null, ""truemove"": null}",5GB,https://www.amazon.com/Asia-China-eSIM-Card-International/dp/B0F1FFD1SB,B0F1FFD1SB,B0F1FFD1SB,Brand: UROZETTA,Brand: UROZETTA,"{""price_usd"": [""$29.99""], ""usage_validity"": [""Asia & China eSIM Card - 8 Day 5GB Prepaid International 4G High-Speed Data (Compatible with 5G/4G/LTE) - Easy Activation in Japan, Korea, Thailand, Vietnam, Malaysia & More""], ""data_amount"": [""4G LTE High-Speed Network Hotspot Supported, No Contract No SIM Card (8Days 5GB)""], ""network_type"": [""High Quality Network: Collaborate with local carriers to provide secure and stable Internet services. 4G LTE high speed network, ideal for staying connected on most popular social "", ""Amazon.com: Asia & China eSIM Card - 8 Day 5GB Prepaid International 4G High-Speed Data (Compatible with 5G/4G/LTE) - Easy Activation in Japan, Korea, Thailand, Vietnam, Malaysia &"", ""score: local=6, roaming=-1""], ""network_generation"": [""product_detail_5g: source:product_description: Asia & China eSIM Card - 8 Day 5GB Prepaid International 4G High-Speed Data (Compatible with 5G/4G/LTE) - Easy Activation in Japan、Singapore、Thailand、Vi"", ""product_detail_4g_lte_signal_present_but_5g_capable_takes_precedence""], ""title"": [""Asia & China eSIM Card - 8 Day 5GB Prepaid International 4G High-Speed Data (Compatible with 5G/4G/LTE) - Easy Activation in Japan, Korea, Thailand, Vietnam, Malaysia & More""]}"
amazon_us,th,eSIM Card USA Prepaid 30GB 30Days | 4G LTE High-Speed Network | Easy Activation | Hotspot Allow | High Coverage Multi-Carrier for Unlocked iOS & Android | No Contract No SIM Card,24.35,10,,,,True,142,30일,30일,,unknown,unknown,"{""ais"": null, ""dtac"": null, ""truemove"": null}",30GB,https://www.amazon.com/Prepaid-High-Speed-Network-Supported-Contract/dp/B0DBZH4JZX,B0DBZH4JZX,B0DBZH4JZX,STAR VENTURE,Visit the generic Store,"{""price_usd"": [""$24.35""], ""usage_validity"": [""eSIM Card USA Prepaid 30GB 30Days | 4G LTE High-Speed Network | Easy Activation | Hotspot Allow | High Coverage Multi-Carrier for Unlocked iOS & Android | No Contract No SIM Card""], ""data_amount"": [""30GB 30-days USA eSIM：Enjoy a 30-day plan with 30GB of premium 4G LTE data on America’s most reliable networks, covering all 50 states—including Hawaii. Perfect for travelers and b""], ""network_type"": [""local_signal: Product description Previous page Next page 1 Fast eSIM Network 2 Apps Travel With You 3 Turn eSIM into WiFi 4 Snap QR, Get eSIM 5 Instant eSIM Activation Previous page Reliable 4G"", ""roaming_signal: Product description Previous page Next page 1 Fast eSIM Network 2 Apps Travel With You 3 Turn eSIM into WiFi 4 Snap QR, Get eSIM 5 Instant eSIM Activation Previous page Reliable 4G"", ""insufficient_or_conflicting_signals(local=3, roaming=3)""], ""network_generation"": [""fallback_5g: source:image_alt: EIOTCLUB SIM Card for Data Only, 5G/4G LTE USA Compatible with Nationwide Networks for Security, Hunting Trail Game Cameras - No Contract Wireless-Triple Cut Size"", ""fallback_4g_lte: source:meta_description: Amazon.com: eSIM Card USA Prepaid 30GB 30Days | 4G LTE High-Speed Network | Easy Activation | Hotspot Allow | High Coverage Multi-Carrier for Unlocked iOS "", ""fallback_only_network_generation_signal""], ""review_count"": [""detail_page: 10 global ratings""], ""is_bestseller"": [""Best Sellers Rank #62,485 in Cell Phones & Accessories ( See Top 100 in Cell Phones & Accessories ) #142 in Cell Phone SIM Cards""], ""bestseller_rank"": [""Best Sellers Rank #62,485 in Cell Phones & Accessories ( See Top 100 in Cell Phones & Accessories ) #142 in Cell Phone SIM Cards""], ""title"": [""eSIM Card USA Prepaid 30GB 30Days | 4G LTE High-Speed Network | Easy Activation | Hotspot Allow | High Coverage Multi-Carrier for Unlocked iOS & Android | No Contract No SIM Card""]}"
amazon_us,th,Orange Holiday Europe Prepaid eSIM 20GB Internet Data | 30 Days-Use | Data tethering Allowed | 30min & 200 SMS from Europe to Any Country Worldwide,21.95,133,,,50,True,22,14일,14일,30일,unknown,5g_capable,"{""ais"": null, ""dtac"": null, ""truemove"": null}",20GB,https://www.amazon.com/eSIM-12GB-Internet-tethering-Worldwide/dp/B0BXP4L87V,B0BXP4L87V,B0BXP4L87V,USBelieve Direct,Visit the ROAMING SAVER Store,"{""price_usd"": [""$21.95""], ""usage_validity"": [""Plan Detail: 20GB Internet in Europe on 5G/4G LTE HIGH-Speed networks - Mobile hotspot tethering is supported. 30mins of international calls and 200 texts from Europe to worldwide.""], ""activation_validity"": [""Orange Holiday Europe Prepaid eSIM 20GB Internet Data | 30 Days-Use | Data tethering Allowed | 30min & 200 SMS from Europe to Any Country Worldwide""], ""data_amount"": [""20GB Internet in Europe on 5G/4G LTE HIGH Speed networks - Data tethering and hotspot supported.""], ""network_type"": [""local_signal: Plan Detail: 20GB Internet in Europe on 5G/4G LTE HIGH-Speed networks - Mobile hotspot tethering is supported. 30mins of international calls and 200 texts from Europe to worldwide."", ""roaming_signal: Plan Detail: 20GB Internet in Europe on 5G/4G LTE HIGH-Speed networks - Mobile hotspot tethering is supported. 30mins of international calls and 200 texts from Europe to worldwide."", ""insufficient_or_conflicting_signals(local=3, roaming=6)""], ""network_generation"": [""product_info_cellular_5g: source:product_info_cellular: Cellular Technology 5G, 4G LTE"", ""product_info_cellular_5g: source:product_info_cellular: Cellular Technology 5G, 4G LTE""], ""monthly_sold_count"": [""Amazon.com: Orange Holiday Europe Prepaid eSIM 20GB Internet Data | 30 Days-Use | Data tethering Allowed | 30min & 200 SMS from Europe to Any Country Worldwide : Cell Phones & Acce""], ""review_count"": [""detail_page: 133 global ratings""], ""is_bestseller"": [""Best Sellers Rank #12,666 in Cell Phones & Accessories ( See Top 100 in Cell Phones & Accessories ) #22 in Cell Phone SIM Cards""], ""bestseller_rank"": [""Best Sellers Rank #12,666 in Cell Phones & Accessories ( See Top 100 in Cell Phones & Accessories ) #22 in Cell Phone SIM Cards""], ""title"": [""Orange Holiday Europe Prepaid eSIM 20GB Internet Data | 30 Days-Use | Data tethering Allowed | 30min & 200 SMS from Europe to Any Country Worldwide""]}"
amazon_us,th,Asia eSIM for 17 Countries | 3GB Super Economy Refillable Plan! QR Code Sent via Email in 24Hrs - Scan & Use Immediately | Auto Activating 30 Day Validity | Hotspot Allowed | Data-Only No Phone Number,7.99,6,,,,True,1131,30일,30일,,local,lte_4g_only,"{""ais"": null, ""dtac"": null, ""truemove"": null}",3GB,https://www.amazon.com/Asia-eSIM-Countries-3GB-Refillable/dp/B0DTZ32KH9,B0DTZ32KH9,B0DTZ32KH9,TSIM Cards,Visit the TSIM Store,"{""price_usd"": [""$7.99""], ""usage_validity"": [""Asia eSIM for 17 Countries | 3GB Super Economy Refillable Plan! QR Code Sent via Email in 24Hrs - Scan & Use Immediately | Auto Activating 30 Day Validity | Hotspot Allowed | Data-""], ""data_amount"": [""HIGH SPEED 5G/4G DATA: Enjoy up to 3GB of high-speed 5G/4G internet. Hotspot tethering is supported. Use in Bangladesh,Cambodia,China,Hong Kong,Indonesia,Japan,Laos,Macao,Malaysia,""], ""network_type"": [""Japan Travel eSIM Card – 30 Day 30GB Prepaid Data Plan | 4G LTE High-Speed Data + Unlimited Slow Data | Hotspot Supported | Local Carrier | No Contract & SIM Card Needed"", ""TSIM Prepaid USA SIM Card for Travel | Unlimited High Data, Unlimited Local Calls and Text for 30..."", ""score: local=5, roaming=0""], ""network_generation"": [""product_info_cellular_4g_lte: source:product_info_cellular: Cellular Technology LTE"", ""product_info_cellular_4g_lte: source:product_info_cellular: Cellular Technology LTE""], ""review_count"": [""detail_page: 6 global ratings""], ""is_bestseller"": [""Best Sellers Rank #608,777 in Cell Phones & Accessories ( See Top 100 in Cell Phones & Accessories ) #1,131 in Cell Phone SIM Cards""], ""bestseller_rank"": [""Best Sellers Rank #608,777 in Cell Phones & Accessories ( See Top 100 in Cell Phones & Accessories ) #1,131 in Cell Phone SIM Cards""], ""title"": [""Asia eSIM for 17 Countries | 3GB Super Economy Refillable Plan! QR Code Sent via Email in 24Hrs - Scan & Use Immediately | Auto Activating 30 Day Validity | Hotspot Allowed | Data-Only No Phone Number""]}"
amazon_us,th,"[eSIM] Japan eSIM | 30DAYS 10GB | 5G, 4G/LTE, Tethering, Hotspot | SIM with Instant Activation in 10 Minutes | KDDI, SoftBank | Tokyo, Osaka, Fukuoka, Sapporo | Travel with Ringsim",9.99,11,,,,True,264,30일,30일,,local,5g_capable,"{""ais"": null, ""dtac"": null, ""truemove"": null}",5GB,https://www.amazon.com/Tethering-Hotspot-Instant-Activation-SoftBank/dp/B0F2MQFCX2,B0F2MQFCX2,B0F2MQFCX2,RINGSIM,Visit the ringsim Store,"{""price_usd"": [""$9.99""], ""usage_validity"": [""[eSIM] Japan eSIM | 30DAYS 10GB | 5G, 4G/LTE, Tethering, Hotspot | SIM with Instant Activation in 10 Minutes | KDDI, SoftBank | Tokyo, Osaka, Fukuoka, Sapporo | Travel with Ringsim""], ""data_amount"": [""★ Flexible Data Plans: Pick 5GB, 10GB, 20GB, 30GB, or Unlimited—perfect for both casual browsing and heavy usage. Flexible prepaid options tailored to your trip in Japan.""], ""network_type"": [""Product description Previous page Next page 1 Why have to use eSIM 2 What is eSIM? 3 How to Create eSIM. STEP1 4 How to Create eSIM. STEP2 How to install eSIM in IOS(iPhone) Previo"", ""score: local=3, roaming=0""], ""network_generation"": [""product_info_cellular_5g: source:product_info_cellular: Cellular Technology 5G, 4G, LTE"", ""product_info_cellular_5g: source:product_info_cellular: Cellular Technology 5G, 4G, LTE""], ""review_count"": [""detail_page: 11 global ratings""], ""is_bestseller"": [""Best Sellers Rank #119,433 in Cell Phones & Accessories ( See Top 100 in Cell Phones & Accessories ) #264 in Cell Phone SIM Cards""], ""bestseller_rank"": [""Best Sellers Rank #119,433 in Cell Phones & Accessories ( See Top 100 in Cell Phones & Accessories ) #264 in Cell Phone SIM Cards""], ""title"": [""[eSIM] Japan eSIM | 30DAYS 10GB | 5G, 4G/LTE, Tethering, Hotspot | SIM with Instant Activation in 10 Minutes | KDDI, SoftBank | Tokyo, Osaka, Fukuoka, Sapporo | Travel with Ringsim""]}"
amazon_us,th,Europe eSIM 30 Days 20GB + Unlimited Local Calls + 30 Min Call Home | eSIM Available in 24 Hours | 48 Countries | 5G Data + Hotspot,19.99,123,,,,True,69,1일,1일,30일,unknown,unknown,"{""ais"": null, ""dtac"": null, ""truemove"": null}",20GB,https://www.amazon.com/20GB-Unlimited-Available-Countries-Hotspot/dp/B0GX6PM9GK,B0GX6PM9GK,B0GX6PM9GK,TSIM Cards,Visit the TSIM Store,"{""price_usd"": [""$19.99""], ""usage_validity"": [""Stay connected across Europe with one travel eSIM built for multi-country trips, easy setup, and everyday travel data use. This Europe eSIM includes 20GB of data for 30 days across""], ""activation_validity"": [""Europe eSIM 30 Days 20GB + Unlimited Local Calls + 30 Min Call Home | eSIM Available in 24 Hours | 48 Countries | 5G Data + Hotspot""], ""data_amount"": [""🌍 EUROPE eSIM WITH 20GB + HOTSPOT: 20GB high-speed data valid for 30 days across Europe, including major tourist destinations like France, Italy, Spain, Germany, Switzerland, Nethe""], ""network_type"": [""local_signal: Europe eSIM 30 Days 20GB + Unlimited Local Calls + 30 Min Call Home | eSIM Available in 24 Hours | 48 Countries | 5G Data + Hotspot"", ""roaming_signal: 📲 AUTO-ACTIVATION & EASY INSTALLATION: Scan or tap-install your eSIM on your unlocked, eSIM-compatible phone before travel. It activates automatically on first use when you arrive "", ""insufficient_or_conflicting_signals(local=10, roaming=2)""], ""network_generation"": [""fallback_5g: source:meta_description: Amazon.com: Europe eSIM 30 Days 20GB + Unlimited Local Calls + 30 Min Call Home | eSIM Available in 24 Hours | 48 Countries | 5G Data + Hotspot : Cell Phon"", ""fallback_4g_lte: source:image_alt: Europe Data ONLY SIM Card 15Days | 25GB of 5G/4G LTE High Speed Prepaid Data Sim Card | Good Connection | REFILLABLE! (25GB /"", ""fallback_only_network_generation_signal""], ""review_count"": [""detail_page: 123 global ratings""], ""is_bestseller"": [""Best Sellers Rank #35,066 in Cell Phones & Accessories ( See Top 100 in Cell Phones & Accessories ) #69 in Cell Phone SIM Cards""], ""bestseller_rank"": [""Best Sellers Rank #35,066 in Cell Phones & Accessories ( See Top 100 in Cell Phones & Accessories ) #69 in Cell Phone SIM Cards""], ""title"": [""Europe eSIM 30 Days 20GB + Unlimited Local Calls + 30 Min Call Home | eSIM Available in 24 Hours | 48 Countries | 5G Data + Hotspot""]}"
amazon_us,th,"[eSIM] Japan eSIM 15 Days Data Only SIM | 10GB High-Speed 4G LTE + Unlimited Data at Reduced Speed | No Roaming Needed for Faster, Safer Access | Hotspot tethering Supported | Docomo | Made in Japan",15.9,15,,,,True,25,15일,15일,,local,lte_4g_only,"{""ais"": null, ""dtac"": null, ""truemove"": null}",10GB,https://www.amazon.com/eSIM-15-Days-SIM-10GB/dp/B0DTK4P2DZ,B0DTK4P2DZ,B0DTK4P2DZ,DHA Corporation Co. Ltd,Visit the Nippon SIM Store,"{""price_usd"": [""$15.90""], ""usage_validity"": [""[eSIM] Japan eSIM 15 Days Data Only SIM | 10GB High-Speed 4G LTE + Unlimited Data at Reduced Speed | No Roaming Needed for Faster, Safer Access | Hotspot tethering Supported | Doco""], ""data_amount"": [""【10GB LTE data, 15days use with docomo network】10GB for normal usage, you can tethering with PC/notebooks for work!! 15days for short-term visitors, locals returning to Japan!! Uti""], ""network_type"": [""【Made in Japan and Pease of mind Japan local supports】This product is produced by DHA Corporation, a Japan local MVNO carrier (telco registration no: A-30-16419) We design and prod"", ""【Japan Local service for faster, securer connections】Unlike other Japan ”roaming” products, you do not need to turn on data roaming, as your connections are limited within Japan wi"", ""score: local=11, roaming=1""], ""network_generation"": [""product_detail_4g_lte: source:feature_bullets: 【10GB LTE data, 15days use with docomo network】10GB for normal usage, you can tethering with PC/notebooks for work!! 15days for short-term visitors, locals "", ""product_detail_4g_lte: source:feature_bullets: 【Applicable products】Support SIM Free devices including iPhone, iPad, Android smartphones, Android Tablets, LTE enabled PC, MiFi which supports below bands:""], ""review_count"": [""detail_page: 15 global ratings""], ""is_bestseller"": [""Best Sellers Rank #15,473 in Cell Phones & Accessories ( See Top 100 in Cell Phones & Accessories ) #25 in Cell Phone SIM Cards""], ""bestseller_rank"": [""Best Sellers Rank #15,473 in Cell Phones & Accessories ( See Top 100 in Cell Phones & Accessories ) #25 in Cell Phone SIM Cards""], ""title"": [""[eSIM] Japan eSIM 15 Days Data Only SIM | 10GB High-Speed 4G LTE + Unlimited Data at Reduced Speed | No Roaming Needed for Faster, Safer Access | Hotspot tethering Supported | Docomo | Made in Japan""]}"
amazon_us,th,TSIM USA eSIM 30 Days with International Calling | High Coverage | Unlimited Data on 5G AT&T Network | Unlimited Local + International Call/Texts in USA (Including Alaska) | Get eSIM Same Day!,29.99,17,,,,True,324,30일,30일,,local,unknown,"{""ais"": null, ""dtac"": null, ""truemove"": null}",unlimited,https://www.amazon.com/TSIM-eSIM-High-Coverage-Day/dp/B0G932JJQ6,B0G932JJQ6,B0G932JJQ6,TSIM Cards,Visit the TSIM Store,"{""price_usd"": [""$29.99""], ""usage_validity"": [""TSIM USA eSIM 30 Days with International Calling | High Coverage | Unlimited Data on 5G AT&T Network | Unlimited Local + International Call/Texts in USA (Including Alaska) | Get eS""], ""data_amount"": [""UNLIMITED DATA + HIGH COVERAGE : This eSIM provides unlimited data (50GB at 5G speed followed by unlimited at low speed). Hotspot / Tethering / Internet Sharing to connect you and ""], ""network_type"": [""TSIM USA eSIM 30 Days with International Calling | High Coverage | Unlimited Data on 5G AT&T Network | Unlimited Local + International Call/Texts in USA (Including Alaska) | Get eS"", ""LOCAL + INTERNATIONAL CALLING : Unlimited calling and texting (SMS) within USA as well as unlimited international calling to many countries. Check images for list of countries."", ""score: local=8, roaming=0""], ""network_generation"": [""fallback_5g: source:meta_description: Amazon.com: TSIM USA eSIM 30 Days with International Calling | High Coverage | Unlimited Data on 5G AT&T Network | Unlimited Local + International Call/Tex"", ""fallback_4g_lte: source:image_alt: $25/mo. Mint Mobile Phone Plan with 23GB of 5G-4G LTE Data + Unlimited Talk & Text for 3 Months (3-in-1 SIM Card)"", ""fallback_only_network_generation_signal""], ""review_count"": [""detail_page: 17 global ratings""], ""is_bestseller"": [""Best Sellers Rank #143,306 in Cell Phones & Accessories ( See Top 100 in Cell Phones & Accessories ) #324 in Cell Phone SIM Cards""], ""bestseller_rank"": [""Best Sellers Rank #143,306 in Cell Phones & Accessories ( See Top 100 in Cell Phones & Accessories ) #324 in Cell Phone SIM Cards""], ""title"": [""TSIM USA eSIM 30 Days with International Calling | High Coverage | Unlimited Data on 5G AT&T Network | Unlimited Local + International Call/Texts in USA (Including Alaska) | Get eSIM Same Day!""]}"
amazon_us,th,"South East Asia eSIM 8 Countries High Speed Data Supports Hotspot 30 Days 3-20GB Email Delivery, 3GB for 7 Days",13.9,,,,,,,7일,7일,30일,unknown,lte_4g_only,"{""ais"": null, ""dtac"": null, ""truemove"": null}",3GB,https://www.amazon.com/Countries-Supports-Hotspot-3-20GB-Delivery/dp/B0HCLN8HZS,B0HCLN8HZS,B0HCLN8HZS,Brand: easytravelSIM,Brand: easytravelSIM,"{""price_usd"": [""$13.90""], ""usage_validity"": [""⚠️ Data-only eSIM. No voice or SMS services. ⚠️ Valid for 60 days from date of purchase. ⚠️ Each day is a 24-hour period. Example: Arrive in South East Asia region at 1 PM, it ends""], ""activation_validity"": [""South East Asia eSIM 8 Countries High Speed Data Supports Hotspot 30 Days 3-20GB Email Delivery, 3GB for 7 Days""], ""data_amount"": [""⚠️ Data-only eSIM. No voice or SMS services. ⚠️ Valid for 60 days from date of purchase. ⚠️ Each day is a 24-hour period. Example: Arrive in South East Asia region at 1 PM, it ends""], ""network_type"": [""insufficient_or_conflicting_signals(local=0, roaming=-2)""], ""network_generation"": [""product_info_cellular_4g_lte: source:product_info_cellular: Cellular Technology 4G/LTE"", ""product_info_cellular_4g_lte: source:product_info_cellular: Cellular Technology 4G/LTE""], ""title"": [""South East Asia eSIM 8 Countries High Speed Data Supports Hotspot 30 Days 3-20GB Email Delivery, 3GB for 7 Days""]}"
amazon_us,th,"Preloaded Orange Travel Sim with 20GB of Worldwide Data + Calls & SMS. Use in Over 150 Countries (UK, Europe, USA, UAE, Turkey, China, Thailand, Jamaica & More). Lasts for 31 Days. Tethering Allowed",41.95,86,,,,True,473,14일,14일,31일,roaming,lte_4g_only,"{""ais"": null, ""dtac"": null, ""truemove"": null}",20GB,https://www.amazon.com/Preloaded-10GB-Worldwide-Countries-Tethering/dp/B0B5DTWLHH,B0B5DTWLHH,B0B5DTWLHH,ETERNAL COMMUNICATIONS,Brand: Eternal Communications,"{""price_usd"": [""$41.95""], ""usage_validity"": [""Product description PRELOADED DATA: Orange SIM Card Preloaded with 20GB of Data. Valid for 31 days from 1st use. CALLS + SMS: Also Preloaded with 15mins of Worldwide Calls + 30 Wor""], ""activation_validity"": [""Preloaded Orange Travel Sim with 20GB of Worldwide Data + Calls & SMS. Use in Over 150 Countries (UK, Europe, USA, UAE, Turkey, China, Thailand, Jamaica & More). Lasts for 31 Days.""], ""data_amount"": [""Preloaded Sim now with 20GB of 4G Data to use in over 150 Countries Worldwide + 15mins of Worldwide Calls & 30 Worldwide SMS.""], ""network_type"": [""Product description PRELOADED DATA: Orange SIM Card Preloaded with 20GB of Data. Valid for 31 days from 1st use. CALLS + SMS: Also Preloaded with 15mins of Worldwide Calls + 30 Wor"", ""score: local=0, roaming=3""], ""network_generation"": [""product_info_cellular_4g_lte: source:product_info_cellular: Cellular Technology LTE/4G/3G/GSM"", ""product_info_cellular_4g_lte: source:product_info_cellular: Cellular Technology LTE/4G/3G/GSM""], ""review_count"": [""detail_page: 86 global ratings""], ""is_bestseller"": [""Best Sellers Rank #210,666 in Cell Phones & Accessories ( See Top 100 in Cell Phones & Accessories ) #473 in Cell Phone SIM Cards""], ""bestseller_rank"": [""Best Sellers Rank #210,666 in Cell Phones & Accessories ( See Top 100 in Cell Phones & Accessories ) #473 in Cell Phone SIM Cards""], ""title"": [""Preloaded Orange Travel Sim with 20GB of Worldwide Data + Calls & SMS. Use in Over 150 Countries (UK, Europe, USA, UAE, Turkey, China, Thailand, Jamaica & More). Lasts for 31 Days. Tethering Allowed""]}"
amazon_us,th,"Asia eSIM 12 Days 12GB for Japan, South Korea, Singapore, Total 10 Asia Countries, 1GB/Daily High-Speed 4G/5G Data, Hotspot Supported, Quick Activation, Prepaid eSIM for Travel, Business, etc.",19.99,3,,,,True,901,12일,12일,,unknown,lte_4g_only,"{""ais"": null, ""dtac"": null, ""truemove"": null}",1GB,https://www.amazon.com/12-Days-1GB-Daily-Activation/dp/B0DSF4DRTY,B0DSF4DRTY,B0DSF4DRTY,Starway Mobile,Visit the UROZETTA Store,"{""price_usd"": [""$19.99""], ""usage_validity"": [""Asia eSIM 12 Days 12GB for Japan, South Korea, Singapore, Total 10 Asia Countries, 1GB/Daily High-Speed 4G/5G Data, Hotspot Supported, Quick Activation, Prepaid eSIM for Travel, Bu""], ""data_amount"": [""📱1GB Daily, 12 Days eSIM for Aisa: Enjoy a total of 12GB of high-speed 4G/5G premium network, support hotspot sharing, no SIM card required, no calls and SMS. After 1GB high-speed ""], ""network_type"": [""roaming_signal: ⚡Super Simple Code Activation: After purchase, you will receive a small package containing the operation manual, connect to Wi-Fi and scan the QR code attached to the eSIM, install"", ""insufficient_or_conflicting_signals(local=0, roaming=1)""], ""network_generation"": [""product_info_cellular_4g_lte: source:product_info_cellular: Cellular Technology LTE"", ""product_info_cellular_4g_lte: source:product_info_cellular: Cellular Technology LTE""], ""review_count"": [""detail_page: 3 global ratings""], ""is_bestseller"": [""Best Sellers Rank #446,134 in Cell Phones & Accessories ( See Top 100 in Cell Phones & Accessories ) #901 in Cell Phone SIM Cards""], ""bestseller_rank"": [""Best Sellers Rank #446,134 in Cell Phones & Accessories ( See Top 100 in Cell Phones & Accessories ) #901 in Cell Phone SIM Cards""], ""title"": [""Asia eSIM 12 Days 12GB for Japan, South Korea, Singapore, Total 10 Asia Countries, 1GB/Daily High-Speed 4G/5G Data, Hotspot Supported, Quick Activation, Prepaid eSIM for Travel, Business, etc.""]}"
amazon_us,th,Japan Travel eSIM Card – 15 Day 10GB Prepaid Data Plan| 4G LTE High-Speed Data + Unlimited Slow Data | Hotspot Supported | Local Carrier | No Contract & SIM Card Needed | for Unlocked iOS & Android,16.99,29,,,,True,81,15일,15일,,unknown,lte_4g_only,"{""ais"": null, ""dtac"": null, ""truemove"": null}",10GB,https://www.amazon.com/Prepaid-High-Speed-Network-Unlimited-Supported/dp/B0DW45VLGC,B0DW45VLGC,B0DW45VLGC,STAR VENTURE,Visit the generic Store,"{""price_usd"": [""$16.99""], ""usage_validity"": [""Japan Travel eSIM Card – 15 Day 10GB Prepaid Data Plan| 4G LTE High-Speed Data + Unlimited Slow Data | Hotspot Supported | Local Carrier | No Contract & SIM Card Needed | for Unloc""], ""data_amount"": [""10GB 15-days Japan eSIM: Enjoy a 15-day plan with 10GB of premium 4G LTE data on Japan's most reliable networks.Perfect for travelers and business professionals - supports mobile h""], ""network_type"": [""local_signal: Japan Travel eSIM Card – 15 Day 10GB Prepaid Data Plan| 4G LTE High-Speed Data + Unlimited Slow Data | Hotspot Supported | Local Carrier | No Contract & SIM Card Needed | for Unloc"", ""roaming_signal: Product description Previous page Next page 1 Fast eSIM Network 2 Apps Travel With You 3 Turn eSIM into WiFi 4 Snap QR, Get eSIM 5 Instant eSIM Activation Previous page Reliable 4G"", ""insufficient_or_conflicting_signals(local=21, roaming=3)""], ""network_generation"": [""product_info_cellular_4g_lte: source:product_info_cellular: Cellular Technology LTE"", ""product_info_cellular_4g_lte: source:product_info_cellular: Cellular Technology LTE""], ""review_count"": [""detail_page: 29 global ratings""], ""is_bestseller"": [""Best Sellers Rank #38,049 in Cell Phones & Accessories ( See Top 100 in Cell Phones & Accessories ) #81 in Cell Phone SIM Cards""], ""bestseller_rank"": [""Best Sellers Rank #38,049 in Cell Phones & Accessories ( See Top 100 in Cell Phones & Accessories ) #81 in Cell Phone SIM Cards""], ""title"": [""Japan Travel eSIM Card – 15 Day 10GB Prepaid Data Plan| 4G LTE High-Speed Data + Unlimited Slow Data | Hotspot Supported | Local Carrier | No Contract & SIM Card Needed | for Unlocked iOS & Android""]}"
amazon_us,th,TSIM Japan eSIM 10Day 5GB | eSIM QR Code Sent by Email Within 24Hrs of Shipping | Scan QR Code and use Immediately | Auto Activating | 5G Network with Tethering/Hotspot Sharing | Data Only No Voice.,5.99,8,,,,True,805,1일,1일,10일,local,lte_4g_only,"{""ais"": null, ""dtac"": null, ""truemove"": null}",5GB,https://www.amazon.com/TSIM-eSIM-5GB-Immediately-Activating/dp/B0DQQ56N3H,B0DQQ56N3H,B0DQQ56N3H,TSIM Cards,Visit the TSIM Store,"{""price_usd"": [""$5.99""], ""usage_validity"": [""High Speed Data only eSIM for Japan! Key Notes: Please make sure your device is eSIM-compatible and unlocked before purchasing. If your device does not support eSIM, please purchas""], ""activation_validity"": [""TSIM Japan eSIM 10Day 5GB | eSIM QR Code Sent by Email Within 24Hrs of Shipping | Scan QR Code and use Immediately | Auto Activating | 5G Network with Tethering/Hotspot Sharing | D""], ""data_amount"": [""🛜 Japan eSIM Card with 5GB 5G/4G/LTE Data. Hotspot / Tethering / Internet Sharing allowed""], ""network_type"": [""TSIM Prepaid USA SIM Card for Travel | Unlimited High Data, Unlimited Local Calls and Text for 30..."", ""TSIM Prepaid USA SIM Card for Travel | Unlimited High Data, Unlimited Local Calls and Text for 30..."", ""score: local=2, roaming=1""], ""network_generation"": [""product_info_cellular_4g_lte: source:product_info_cellular: Cellular Technology LTE"", ""product_info_cellular_4g_lte: source:product_info_cellular: Cellular Technology LTE""], ""review_count"": [""detail_page: 8 global ratings""], ""is_bestseller"": [""Best Sellers Rank #383,989 in Cell Phones & Accessories ( See Top 100 in Cell Phones & Accessories ) #805 in Cell Phone SIM Cards""], ""bestseller_rank"": [""Best Sellers Rank #383,989 in Cell Phones & Accessories ( See Top 100 in Cell Phones & Accessories ) #805 in Cell Phone SIM Cards""], ""title"": [""TSIM Japan eSIM 10Day 5GB | eSIM QR Code Sent by Email Within 24Hrs of Shipping | Scan QR Code and use Immediately | Auto Activating | 5G Network with Tethering/Hotspot Sharing | Data Only No Voice.""]}"
amazon_us,th,Asia eSIM 21 Countries High Speed Data Supports Hotspot 30 Days 3-20GB Email Delivery (3GB for 30 Days),16.9,,,,,,,30일,30일,30일,unknown,5g_capable,"{""ais"": null, ""dtac"": null, ""truemove"": null}",3GB,https://www.amazon.com/Countries-Supports-Hotspot-3-20GB-Delivery/dp/B0H7SGWMZT,B0H7SGWMZT,B0H7SGWMZT,Brand: easytravelSIM,Brand: easytravelSIM,"{""price_usd"": [""$16.90""], ""usage_validity"": [""Asia eSIM 21 Countries High Speed Data Supports Hotspot 30 Days 3-20GB Email Delivery (3GB for 30 Days)""], ""activation_validity"": [""⚠️ Data-only eSIM. No voice or SMS services. ⚠️ Valid for 60 days from date of purchase. ⚠️ Each day is a 24-hour period. Example: Arrive in any supported Asia countries at 1 PM, i""], ""data_amount"": [""⚠️ Data-only eSIM. No voice or SMS services. ⚠️ Valid for 60 days from date of purchase. ⚠️ Each day is a 24-hour period. Example: Arrive in any supported Asia countries at 1 PM, i""], ""network_type"": [""insufficient_or_conflicting_signals(local=0, roaming=-2)""], ""network_generation"": [""product_info_cellular_5g: source:product_info_cellular: Cellular Technology 5G/4G/LTE"", ""product_info_cellular_5g: source:product_info_cellular: Cellular Technology 5G/4G/LTE"", ""product_info_cellular_4g_lte_signal_present_but_5g_capable_takes_precedence""], ""title"": [""Asia eSIM 21 Countries High Speed Data Supports Hotspot 30 Days 3-20GB Email Delivery (3GB for 30 Days)""]}"
amazon_us,th,"Asia eSIM 8 Days 2GB/Daily for Japan, South Korea, Singapore, Total 10 Asia Countries, 16GB High-Speed 4G/5G Data, Hotspot Supported, Quick Activation, Prepaid eSIM for Travel, Business, etc.",24.99,17,,,,True,1318,8일,8일,,unknown,lte_4g_only,"{""ais"": null, ""dtac"": null, ""truemove"": null}",2GB,https://www.amazon.com/Days-2GB-Daily-Countries-Activation/dp/B0DSF7LQZ2,B0DSF7LQZ2,B0DSF7LQZ2,Starway Mobile,Visit the UROZETTA Store,"{""price_usd"": [""$24.99""], ""usage_validity"": [""Asia eSIM 8 Days 2GB/Daily for Japan, South Korea, Singapore, Total 10 Asia Countries, 16GB High-Speed 4G/5G Data, Hotspot Supported, Quick Activation, Prepaid eSIM for Travel, Bus""], ""data_amount"": [""📱2GB Daily, 8 Days eSIM for Aisa: Enjoy a total of 16GB of high-speed 4G/5G premium network, support hotspot sharing, no SIM card required, no calls and SMS. After 2GB high-speed t""], ""network_type"": [""local_signal: 20GB 30 Day Orange Europe eSIM, Unlimited Local Calls/Text, 30 Minutes+200 Texts to Worldwide, eSIM QR Code Made Available Wi"", ""roaming_signal: ⚡Super Simple Code Activation: After purchase, you will receive a small package containing the operation manual, connect to Wi-Fi and scan the QR code attached to the eSIM, install"", ""insufficient_or_conflicting_signals(local=1, roaming=1)""], ""network_generation"": [""product_info_cellular_4g_lte: source:product_info_cellular: Cellular Technology LTE"", ""product_info_cellular_4g_lte: source:product_info_cellular: Cellular Technology LTE""], ""review_count"": [""detail_page: 17""], ""is_bestseller"": [""Best Sellers Rank #770,287 in Cell Phones & Accessories ( See Top 100 in Cell Phones & Accessories ) #1,318 in Cell Phone SIM Cards""], ""bestseller_rank"": [""Best Sellers Rank #770,287 in Cell Phones & Accessories ( See Top 100 in Cell Phones & Accessories ) #1,318 in Cell Phone SIM Cards""], ""title"": [""Asia eSIM 8 Days 2GB/Daily for Japan, South Korea, Singapore, Total 10 Asia Countries, 16GB High-Speed 4G/5G Data, Hotspot Supported, Quick Activation, Prepaid eSIM for Travel, Business, etc.""]}"
amazon_us,th,[eSIM] 5G Vietnam eSIM 30 Days Unlimited Data | 15GB High-Speed 5G + Unlimited Data at Reduced Speed | Hotspot tethering Supported | Easy to Use | Ideal for Tourists & Business Travelers,24.5,880,,,,True,501,30일,30일,,unknown,5g_capable,"{""ais"": null, ""dtac"": null, ""truemove"": null}",15GB,https://www.amazon.com/Unlimited-High-Speed-tethering-Supported-Travelers/dp/B0H3ZRCZ1K,B0H3ZRCZ1K,B0H3ZRCZ1K,ESIMFUN,Visit the ESIMFUN Store,"{""price_usd"": [""$24.50""], ""usage_validity"": [""[eSIM] 5G Vietnam eSIM 30 Days Unlimited Data | 15GB High-Speed 5G + Unlimited Data at Reduced Speed | Hotspot tethering Supported | Easy to Use | Ideal for Tourists & Business Tra""], ""data_amount"": [""Product description Stay Connected Across Vietnam Fast Data, All Trip Long Get 15GB of high-speed 5G/4G LTE data for Vietnam coverage over a 30-day validity period. Once your high-""], ""network_type"": [""local_signal: 💻 Instant Activation & Easy Setup – No physical SIM required! Simply scan the eSIM QR code to activate and start using your data. Plesae don't forget to turn on the roaming data & "", ""roaming_signal: 💻 Instant Activation & Easy Setup – No physical SIM required! Simply scan the eSIM QR code to activate and start using your data. Plesae don't forget to turn on the roaming data & "", ""insufficient_or_conflicting_signals(local=4, roaming=2)""], ""network_generation"": [""product_info_cellular_5g: source:product_info_cellular: Cellular Technology 5G/4G LTE"", ""product_info_cellular_5g: source:product_info_cellular: Cellular Technology 5G/4G LTE""], ""review_count"": [""detail_page: 880""], ""is_bestseller"": [""Best Sellers Rank #224,224 in Cell Phones & Accessories ( See Top 100 in Cell Phones & Accessories ) #501 in Cell Phone SIM Cards""], ""bestseller_rank"": [""Best Sellers Rank #224,224 in Cell Phones & Accessories ( See Top 100 in Cell Phones & Accessories ) #501 in Cell Phone SIM Cards""], ""title"": [""[eSIM] 5G Vietnam eSIM 30 Days Unlimited Data | 15GB High-Speed 5G + Unlimited Data at Reduced Speed | Hotspot tethering Supported | Easy to Use | Ideal for Tourists & Business Travelers""]}"
amazon_us,th,"[eSIM] Europe eSIM | 30DAYS 10GB | UK, France, Italy, Spain & 40+ Countries | Data-Only Prepaid SIM | 1-Click Auto-Install | Activates in 10 Min | for iPhone & Android | 5G, LTE, Hotspot | Ringsim",14.59,45,,,,True,113,30일,30일,30일,unknown,5g_capable,"{""ais"": null, ""dtac"": null, ""truemove"": null}",5GB,https://www.amazon.com/Countries-Data-Only-Prepaid-Auto-Install-Activates/dp/B0FPBZY7MR,B0FPBZY7MR,B0FPBZY7MR,RINGSIM,Visit the ringsim Store,"{""price_usd"": [""$14.59""], ""usage_validity"": [""[eSIM] Europe eSIM | 30DAYS 10GB | UK, France, Italy, Spain & 40+ Countries | Data-Only Prepaid SIM | 1-Click Auto-Install | Activates in 10 Min | for iPhone & Android | 5G, LTE, H""], ""activation_validity"": [""Amazon.com: [eSIM] Europe eSIM | 30DAYS 10GB | UK, France, Italy, Spain & 40+ Countries | Data-Only Prepaid SIM | 1-Click Auto-Install | Activates in 10 Min | for iPhone & Android ""], ""data_amount"": [""FLEXIBLE PLANS + 30-DAY REFUND — Choose from 5GB to 30GB, 7 to 30 days. Any issues with setup or activation? Message us directly through Amazon — we respond within 24 hours. 30-day""], ""network_type"": [""local_signal: Product description Previous page Next page 1 Why have to use eSIM 2 What is eSIM? 3 How to Create eSIM. STEP1 4 How to Create eSIM. STEP2 How to install eSIM in IOS(iPhone) Previo"", ""roaming_signal: ⚠️ REQUIRED SETUP — After installing eSIM, go to Settings and turn ON Data Roaming. Without this step, your eSIM will NOT connect. Takes 10 seconds. Step-by-step guide (iPhone & An"", ""insufficient_or_conflicting_signals(local=3, roaming=3)""], ""network_generation"": [""product_info_cellular_5g: source:product_info_cellular: Cellular Technology 5G, 4G, LTE"", ""product_info_cellular_5g: source:product_info_cellular: Cellular Technology 5G, 4G, LTE""], ""review_count"": [""detail_page: 45 global ratings""], ""is_bestseller"": [""Best Sellers Rank #51,914 in Cell Phones & Accessories ( See Top 100 in Cell Phones & Accessories ) #113 in Cell Phone SIM Cards""], ""bestseller_rank"": [""Best Sellers Rank #51,914 in Cell Phones & Accessories ( See Top 100 in Cell Phones & Accessories ) #113 in Cell Phone SIM Cards""], ""title"": [""[eSIM] Europe eSIM | 30DAYS 10GB | UK, France, Italy, Spain & 40+ Countries | Data-Only Prepaid SIM | 1-Click Auto-Install | Activates in 10 Min | for iPhone & Android | 5G, LTE, Hotspot | Ringsim""]}"
amazon_us,th,"Europe eSIM 15 Days 20GB | 5G/4G LTE | Hotspot Sharing | Compatible with TikTok, ChatGPT & Google | 33 European Countries | Instant Email Delivery | 365-Day Customer Support (eSIM 15 Days 20GB)",19.99,7,,,,True,225,15일,15일,90일,unknown,lte_4g_only,"{""ais"": null, ""dtac"": null, ""truemove"": null}",20GB,https://www.amazon.com/eSIM-20GB-Available-Countries-15Days/dp/B0F53Y3QF4,B0F53Y3QF4,B0F53Y3QF4,BillionConnect,Visit the Billion Connect Store,"{""price_usd"": [""$19.99""], ""usage_validity"": [""Europe eSIM 15 Days 20GB | 5G/4G LTE | Hotspot Sharing | Compatible with TikTok, ChatGPT & Google | 33 European Countries | Instant Email Delivery | 365-Day Customer Support (eSIM ""], ""activation_validity"": [""【How Plan Duration Is Calculated】The validity period of your eSIM starts from the moment it is activated and is calculated in 24-hour units. Example: If you activate a 3-day plan o""], ""data_amount"": [""【15 Days 20GB High-Speed Data + Unlimited Low-Speed Data】 While data usage is technically unlimited, after 20GB of high-speed data is used, the speed will be reduced to 128kbps. ※ ""], ""network_type"": [""local_signal: 🚨 Important Notice for Turkey Travelers Due to local regulations, eSIM download and installation are prohibited in Turkey. Install your eSIM before departure to ensure it works upo"", ""insufficient_or_conflicting_signals(local=1, roaming=0)""], ""network_generation"": [""product_info_cellular_4g_lte: source:product_info_cellular: Cellular Technology LTE"", ""product_info_cellular_4g_lte: source:product_info_cellular: Cellular Technology LTE""], ""review_count"": [""detail_page: 7 global ratings""], ""is_bestseller"": [""Best Sellers Rank #99,298 in Cell Phones & Accessories ( See Top 100 in Cell Phones & Accessories ) #225 in Cell Phone SIM Cards""], ""bestseller_rank"": [""Best Sellers Rank #99,298 in Cell Phones & Accessories ( See Top 100 in Cell Phones & Accessories ) #225 in Cell Phone SIM Cards""], ""title"": [""Europe eSIM 15 Days 20GB | 5G/4G LTE | Hotspot Sharing | Compatible with TikTok, ChatGPT & Google | 33 European Countries | Instant Email Delivery | 365-Day Customer Support (eSIM 15 Days 20GB)""]}"
amazon_us,th,"Indonesia Prepaid eSIM - Unlimited High-Speed Data - No Roaming, No Contracts - Easy Setup for Unlocked Phones",12.99,23,,,,True,1186,5일,5일,,unknown,lte_4g_only,"{""ais"": null, ""dtac"": null, ""truemove"": null}",unlimited,https://www.amazon.com/Indonesia-Prepaid-eSIM-Unlimited-High-Speed/dp/B0F3D6TBXY,B0F3D6TBXY,B0F3D6TBXY,Mossroam,Visit the mossroam Store,"{""price_usd"": [""$12.99""], ""usage_validity"": [""Model Number 2GB Day pass,5 Days""], ""data_amount"": [""Low speed data:When the daily/ total data are run out, the data speed would be reduced but not below 384 kbps with unlimited access.""], ""network_type"": [""roaming_signal: Please use your eSIM card after you have arrived at your destination. When you turn on the roaming function, your card will be activated as soon as you arrive at your destination a"", ""insufficient_or_conflicting_signals(local=0, roaming=-1)""], ""network_generation"": [""product_info_cellular_4g_lte: source:product_info_cellular: Cellular Technology LTE"", ""product_info_cellular_4g_lte: source:product_info_cellular: Cellular Technology LTE""], ""review_count"": [""detail_page: 23""], ""is_bestseller"": [""Best Sellers Rank #644,633 in Cell Phones & Accessories ( See Top 100 in Cell Phones & Accessories ) #1,186 in Cell Phone SIM Cards""], ""bestseller_rank"": [""Best Sellers Rank #644,633 in Cell Phones & Accessories ( See Top 100 in Cell Phones & Accessories ) #1,186 in Cell Phone SIM Cards""], ""title"": [""Indonesia Prepaid eSIM - Unlimited High-Speed Data - No Roaming, No Contracts - Easy Setup for Unlocked Phones""]}"
amazon_us,th,"China eSIM – 5GB High-Speed + Unlimited Basic Data | 15-Day Travel Data Plan | Instant Activation, No Registration Needed | Works with Google, Whatsapp, Maps & More | Digital SIM",13.99,30,,,,True,561,15일,15일,30일,roaming,5g_capable,"{""ais"": null, ""dtac"": null, ""truemove"": null}",5GB,https://www.amazon.com/China-eSIM-High-Speed-Activation-Registration/dp/B0FDMFVQK3,B0FDMFVQK3,B0FDMFVQK3,Jethro Trading Ltd.,Visit the JETSIM Store,"{""price_usd"": [""$13.99""], ""usage_validity"": [""China eSIM – 5GB High-Speed + Unlimited Basic Data | 15-Day Travel Data Plan | Instant Activation, No Registration Needed | Works with Google, Whatsapp, Maps & More | Digital SIM""], ""activation_validity"": [""Product description Can I use my eSIM immediately after purchase? Yes. Simply submit the claim form, and we will deliver your eSIM to your email right away. Do I need to activate m""], ""data_amount"": [""[Fast & Reliable Data] 5GB high-speed + unlimited basic data for 15 days. Perfect for maps, apps, and staying connected in China.""], ""network_type"": [""Product description Can I use my eSIM immediately after purchase? Yes. Simply submit the claim form, and we will deliver your eSIM to your email right away. Do I need to activate m"", ""score: local=0, roaming=3""], ""network_generation"": [""product_info_cellular_5g: source:product_info_cellular: Cellular Technology 5G/4G"", ""product_info_cellular_5g: source:product_info_cellular: Cellular Technology 5G/4G""], ""review_count"": [""detail_page: 30""], ""is_bestseller"": [""Best Sellers Rank #256,249 in Cell Phones & Accessories ( See Top 100 in Cell Phones & Accessories ) #561 in Cell Phone SIM Cards""], ""bestseller_rank"": [""Best Sellers Rank #256,249 in Cell Phones & Accessories ( See Top 100 in Cell Phones & Accessories ) #561 in Cell Phone SIM Cards""], ""title"": [""China eSIM – 5GB High-Speed + Unlimited Basic Data | 15-Day Travel Data Plan | Instant Activation, No Registration Needed | Works with Google, Whatsapp, Maps & More | Digital SIM""]}"
amazon_us,th,"China Mainland eSIM Card for Travelers,10 Days Plan,1GB Unlimited Daily Data,High-Speed 4/5G, No Roaming Charges | Perfect for Chinese Trips",18.99,2,,,,True,1158,10일,10일,,unknown,lte_4g_only,"{""ais"": null, ""dtac"": null, ""truemove"": null}",unlimited,https://www.amazon.com/Travelers-10-Days-1GB-High-Speed/dp/B0F2MLYV41,B0F2MLYV41,B0F2MLYV41,Mossroam,Visit the mossroam Store,"{""price_usd"": [""$18.99""], ""usage_validity"": [""China Mainland eSIM Card for Travelers,10 Days Plan,1GB Unlimited Daily Data,High-Speed 4/5G, No Roaming Charges | Perfect for Chinese Trips""], ""data_amount"": [""Low speed data:When the daily/ total data are run out, the data speed would be reduced but not below 384 kbps with unlimited access.""], ""network_type"": [""roaming_signal: Please use your eSIM card after you have arrived at your destination. When you turn on the roaming function, your card will be activated as soon as you arrive at your destination a"", ""insufficient_or_conflicting_signals(local=0, roaming=-1)""], ""network_generation"": [""product_info_cellular_4g_lte: source:product_info_cellular: Cellular Technology LTE"", ""product_info_cellular_4g_lte: source:product_info_cellular: Cellular Technology LTE""], ""review_count"": [""detail_page: 2 global ratings""], ""is_bestseller"": [""Best Sellers Rank #624,259 in Cell Phones & Accessories ( See Top 100 in Cell Phones & Accessories ) #1,158 in Cell Phone SIM Cards""], ""bestseller_rank"": [""Best Sellers Rank #624,259 in Cell Phones & Accessories ( See Top 100 in Cell Phones & Accessories ) #1,158 in Cell Phone SIM Cards""], ""title"": [""China Mainland eSIM Card for Travelers,10 Days Plan,1GB Unlimited Daily Data,High-Speed 4/5G, No Roaming Charges | Perfect for Chinese Trips""]}"
amazon_us,th,USA eSIM Unlimited 15-Day 5G LTE Hotspot No Physical SIM,25.99,5,,,,True,167,15일,15일,15일,unknown,5g_capable,"{""ais"": null, ""dtac"": null, ""truemove"": null}",unlimited,https://www.amazon.com/WoWeSim-Unlimited-15-Day-Hotspot-Physical/dp/B0FR8VPZ2D,B0FR8VPZ2D,B0FR8VPZ2D,WoWeSim,Visit the WoWeSim Store,"{""price_usd"": [""$25.99""], ""usage_validity"": [""USA eSIM Unlimited 15-Day 5G LTE Hotspot No Physical SIM""], ""activation_validity"": [""FREE UPGRADE - 15 DAYS UNLIMITED DATA: We have upgraded this plan to Unlimited Data (originally 30GB) for worry-free browsing. PLEASE NOTE: The physical package label still display""], ""data_amount"": [""FREE UPGRADE - 15 DAYS UNLIMITED DATA: We have upgraded this plan to Unlimited Data (originally 30GB) for worry-free browsing. PLEASE NOTE: The physical package label still display""], ""network_type"": [""no_local_or_roaming_keyword_matched""], ""network_generation"": [""product_info_cellular_5g: source:product_info_cellular: Cellular Technology LTE/4G/5G"", ""product_info_cellular_5g: source:product_info_cellular: Cellular Technology LTE/4G/5G"", ""product_info_cellular_4g_lte_signal_present_but_5g_capable_takes_precedence""], ""review_count"": [""detail_page: 5 global ratings""], ""is_bestseller"": [""Best Sellers Rank #70,268 in Cell Phones & Accessories ( See Top 100 in Cell Phones & Accessories ) #167 in Cell Phone SIM Cards""], ""bestseller_rank"": [""Best Sellers Rank #70,268 in Cell Phones & Accessories ( See Top 100 in Cell Phones & Accessories ) #167 in Cell Phone SIM Cards""], ""title"": [""USA eSIM Unlimited 15-Day 5G LTE Hotspot No Physical SIM""]}"
amazon_us,th,"eSIM for USA & Canada (5 Days) Unlimited High-Speed Data, Easy to Use, No Apps Required, Activates Automatically, QR Code Delivered by Email",24.99,8,,,,True,756,5일,5일,30일,unknown,lte_4g_only,"{""ais"": null, ""dtac"": null, ""truemove"": null}",unlimited,https://www.amazon.com/Unlimited-High-Speed-Activates-Automatically-Delivered/dp/B0FVQDZV3W,B0FVQDZV3W,B0FVQDZV3W,Jethro Trading Ltd.,Visit the JETSIM Store,"{""price_usd"": [""$24.99""], ""usage_validity"": [""eSIM for USA & Canada (5 Days) Unlimited High-Speed Data, Easy to Use, No Apps Required, Activates Automatically, QR Code Delivered by Email""], ""activation_validity"": [""Product description Can I use my eSIM immediately after purchase? Yes. Simply submit the claim form, and we will deliver your eSIM to your email right away. Do I need to activate m""], ""data_amount"": [""[High-Speed Data] Unlimited data at 4G/5G speed. Uses top local carriers in US and Canada for optimal coverage. Supports hotspot and tethering.""], ""network_type"": [""local_signal: [High-Speed Data] Unlimited data at 4G/5G speed. Uses top local carriers in US and Canada for optimal coverage. Supports hotspot and tethering."", ""roaming_signal: Product description Can I use my eSIM immediately after purchase? Yes. Simply submit the claim form, and we will deliver your eSIM to your email right away. Do I need to activate m"", ""insufficient_or_conflicting_signals(local=5, roaming=3)""], ""network_generation"": [""product_info_cellular_4g_lte: source:product_info_cellular: Cellular Technology LTE"", ""product_info_cellular_4g_lte: source:product_info_cellular: Cellular Technology LTE""], ""review_count"": [""detail_page: 8""], ""is_bestseller"": [""Best Sellers Rank #355,285 in Cell Phones & Accessories ( See Top 100 in Cell Phones & Accessories ) #756 in Cell Phone SIM Cards""], ""bestseller_rank"": [""Best Sellers Rank #355,285 in Cell Phones & Accessories ( See Top 100 in Cell Phones & Accessories ) #756 in Cell Phone SIM Cards""], ""title"": [""eSIM for USA & Canada (5 Days) Unlimited High-Speed Data, Easy to Use, No Apps Required, Activates Automatically, QR Code Delivered by Email""]}"
amazon_us,th,"[eSIM] Vietnam eSIM | 30DAYS 10GB | 5G, 4G/LTE, Tethering, Hotspot | Instant Activation in 10 Minutes | Viettel, Vinaphone, Vietnam Mobile| Hanoi, Ho Chi Minh | Travel SIM by Ringsim",17.99,1,,,,True,620,30일,30일,,local,5g_capable,"{""ais"": true, ""dtac"": true, ""truemove"": null}",5GB,https://www.amazon.com/Vietnam-Tethering-Hotspot-Activation-Vinaphone/dp/B0F3HG1R5W,B0F3HG1R5W,B0F3HG1R5W,RINGSIM,Visit the ringsim Store,"{""price_usd"": [""$17.99""], ""usage_validity"": [""[eSIM] Vietnam eSIM | 30DAYS 10GB | 5G, 4G/LTE, Tethering, Hotspot | Instant Activation in 10 Minutes | Viettel, Vinaphone, Vietnam Mobile| Hanoi, Ho Chi Minh | Travel SIM by Rings""], ""data_amount"": [""★ Flexible Data Plans: Pick 5GB, 10GB, 20GB, 30GB, or Unlimited—perfect for both casual browsing and heavy usage. Flexible prepaid options tailored to your trip in Vietnam.""], ""network_type"": [""Product description Previous page Next page 1 Why have to use eSIM 2 What is eSIM? 3 How to Create eSIM. STEP1 4 How to Create eSIM. STEP2 How to install eSIM in IOS(iPhone) Previo"", ""UROZETTA Europe Prepaid Orange SIM Card |12GB 30Days Local Network | 5G/4G High-Spe..."", ""score: local=6, roaming=0""], ""network_generation"": [""product_info_cellular_5g: source:product_info_cellular: Cellular Technology 5G"", ""product_info_cellular_5g: source:product_info_cellular: Cellular Technology 5G""], ""carrier_support_local"": [""AIS, dtac: [eSIM] Thailand eSIM | 30DAYS 10GB | 5G, 4G/LTE, Tethering, Hotspot | SIM with Instant Activation in 10 Minutes | AIS, DTAC,""], ""review_count"": [""detail_page: 1 global rating""], ""is_bestseller"": [""Best Sellers Rank #286,682 in Cell Phones & Accessories ( See Top 100 in Cell Phones & Accessories ) #620 in Cell Phone SIM Cards""], ""bestseller_rank"": [""Best Sellers Rank #286,682 in Cell Phones & Accessories ( See Top 100 in Cell Phones & Accessories ) #620 in Cell Phone SIM Cards""], ""title"": [""[eSIM] Vietnam eSIM | 30DAYS 10GB | 5G, 4G/LTE, Tethering, Hotspot | Instant Activation in 10 Minutes | Viettel, Vinaphone, Vietnam Mobile| Hanoi, Ho Chi Minh | Travel SIM by Ringsim""]}"
amazon_us,th,"eSIM for 8 Countries in South America Trave Internationa Travel,4/5G LTE Prepaid 5 Days Plan,1GB Daily Data Only",22.99,1,,,,True,1167,5일,5일,,unknown,lte_4g_only,"{""ais"": null, ""dtac"": null, ""truemove"": null}",unlimited,https://www.amazon.com/Countries-America-Internationa-Days-1GB/dp/B0F2SV2WDZ,B0F2SV2WDZ,B0F2SV2WDZ,Mossroam,Visit the mossroam Store,"{""price_usd"": [""$22.99""], ""usage_validity"": [""eSIM for 8 Countries in South America Trave Internationa Travel,4/5G LTE Prepaid 5 Days Plan,1GB Daily Data Only""], ""data_amount"": [""Low speed data:When the daily/ total data are run out, the data speed would be reduced but not below 384 kbps with unlimited access.""], ""network_type"": [""roaming_signal: Please use your eSIM card after you have arrived at your destination. When you turn on the roaming function, your card will be activated as soon as you arrive at your destination a"", ""insufficient_or_conflicting_signals(local=0, roaming=-1)""], ""network_generation"": [""product_info_cellular_4g_lte: source:product_info_cellular: Cellular Technology LTE"", ""product_info_cellular_4g_lte: source:product_info_cellular: Cellular Technology LTE""], ""review_count"": [""detail_page: 1 global rating""], ""is_bestseller"": [""Best Sellers Rank #627,878 in Cell Phones & Accessories ( See Top 100 in Cell Phones & Accessories ) #1,167 in Cell Phone SIM Cards""], ""bestseller_rank"": [""Best Sellers Rank #627,878 in Cell Phones & Accessories ( See Top 100 in Cell Phones & Accessories ) #1,167 in Cell Phone SIM Cards""], ""title"": [""eSIM for 8 Countries in South America Trave Internationa Travel,4/5G LTE Prepaid 5 Days Plan,1GB Daily Data Only""]}"
amazon_us,th,"India Travel eSIM - 1GB 5G/4G LTE Data,3 Days - Instant Activation,No Roaming Fees - Prepaid Plan for Tourists & Business Travelers",23.99,,,,,True,1551,3일,3일,,unknown,lte_4g_only,"{""ais"": null, ""dtac"": null, ""truemove"": null}",unlimited,https://www.amazon.com/India-Travel-eSIM-Activation-Travelers/dp/B0F3CTVK8N,B0F3CTVK8N,B0F3CTVK8N,Mossroam,Visit the mossroam Store,"{""price_usd"": [""$23.99""], ""usage_validity"": [""India Travel eSIM - 1GB 5G/4G LTE Data,3 Days - Instant Activation,No Roaming Fees - Prepaid Plan for Tourists & Business Travelers""], ""data_amount"": [""Low speed data:When the daily/ total data are run out, the data speed would be reduced but not below 384 kbps with unlimited access.""], ""network_type"": [""roaming_signal: Please use your eSIM card after you have arrived at your destination. When you turn on the roaming function, your card will be activated as soon as you arrive at your destination a""], ""network_generation"": [""product_info_cellular_4g_lte: source:product_info_cellular: Cellular Technology LTE"", ""product_info_cellular_4g_lte: source:product_info_cellular: Cellular Technology LTE""], ""is_bestseller"": [""Best Sellers Rank #1,089,522 in Cell Phones & Accessories ( See Top 100 in Cell Phones & Accessories ) #1,551 in Cell Phone SIM Cards""], ""bestseller_rank"": [""Best Sellers Rank #1,089,522 in Cell Phones & Accessories ( See Top 100 in Cell Phones & Accessories ) #1,551 in Cell Phone SIM Cards""], ""title"": [""India Travel eSIM - 1GB 5G/4G LTE Data,3 Days - Instant Activation,No Roaming Fees - Prepaid Plan for Tourists & Business Travelers""]}"
amazon_us,th,USA Prepaid eSIM (T-Mobile Network) | Unlimited 5G/4G Internet Data in USA (Including Hawaii)|Unlimited Calls and Texts Within US | Mobile Tethering (eSIM 30Day),39.99,1,,,,True,524,30일,30일,,unknown,5g_capable,"{""ais"": null, ""dtac"": null, ""truemove"": null}",unlimited,https://www.amazon.com/eSIM-Unlimited-Including-Tethering-30Day/dp/B0FDSX9CPX,B0FDSX9CPX,B0FDSX9CPX,GMS Network Store,Visit the SkyGo Store,"{""price_usd"": [""$39.99""], ""usage_validity"": [""USA Prepaid eSIM (T-Mobile Network) | Unlimited 5G/4G Internet Data in USA (Including Hawaii)|Unlimited Calls and Texts Within US | Mobile Tethering (eSIM 30Day)""], ""data_amount"": [""Unlimited 5G Data - Enjoy data connection with speeds up to 5G""], ""network_type"": [""no_local_or_roaming_keyword_matched""], ""network_generation"": [""product_info_cellular_5g: source:product_info_cellular: Cellular Technology 5G/4G LTE"", ""product_info_cellular_5g: source:product_info_cellular: Cellular Technology 5G/4G LTE""], ""review_count"": [""detail_page: 1 global rating""], ""is_bestseller"": [""Best Sellers Rank #234,392 in Cell Phones & Accessories ( See Top 100 in Cell Phones & Accessories ) #524 in Cell Phone SIM Cards""], ""bestseller_rank"": [""Best Sellers Rank #234,392 in Cell Phones & Accessories ( See Top 100 in Cell Phones & Accessories ) #524 in Cell Phone SIM Cards""], ""title"": [""USA Prepaid eSIM (T-Mobile Network) | Unlimited 5G/4G Internet Data in USA (Including Hawaii)|Unlimited Calls and Texts Within US | Mobile Tethering (eSIM 30Day)""]}"
amazon_us,th,"Vietnam eSIM for Travelers,1GB Data, 10 Days Validity - Fast 5G/4G LTE - No Roaming, No Extra Charges - Perfect for Tourists & Digital Nomads",16.99,,,,,True,1446,10일,10일,,unknown,lte_4g_only,"{""ais"": null, ""dtac"": null, ""truemove"": null}",unlimited,https://www.amazon.com/Travelers-1GB-10-Days-Validity/dp/B0F3CX1JPG,B0F3CX1JPG,B0F3CX1JPG,Mossroam,Visit the mossroam Store,"{""price_usd"": [""$16.99""], ""usage_validity"": [""Vietnam eSIM for Travelers,1GB Data, 10 Days Validity - Fast 5G/4G LTE - No Roaming, No Extra Charges - Perfect for Tourists & Digital Nomads""], ""data_amount"": [""Low speed data:When the daily/ total data are run out, the data speed would be reduced but not below 384 kbps with unlimited access.""], ""network_type"": [""roaming_signal: Please use your eSIM card after you have arrived at your destination. When you turn on the roaming function, your card will be activated as soon as you arrive at your destination a""], ""network_generation"": [""product_info_cellular_4g_lte: source:product_info_cellular: Cellular Technology LTE"", ""product_info_cellular_4g_lte: source:product_info_cellular: Cellular Technology LTE""], ""is_bestseller"": [""Best Sellers Rank #932,346 in Cell Phones & Accessories ( See Top 100 in Cell Phones & Accessories ) #1,446 in Cell Phone SIM Cards""], ""bestseller_rank"": [""Best Sellers Rank #932,346 in Cell Phones & Accessories ( See Top 100 in Cell Phones & Accessories ) #1,446 in Cell Phone SIM Cards""], ""title"": [""Vietnam eSIM for Travelers,1GB Data, 10 Days Validity - Fast 5G/4G LTE - No Roaming, No Extra Charges - Perfect for Tourists & Digital Nomads""]}"
