site,country,title,price_usd,review_count,seller_badge,search_position,monthly_sold_count,is_bestseller,bestseller_rank,validity,usage_validity,activation_validity,network_type,network_generation,carrier_support_local,data_amount,product_url,asin,site_product_id,seller,brand,evidence
amazon_us,jp,"[eSIM] Japan eSIM 15 Days Data Only SIM | 10GB High-Speed 4G LTE + Unlimited Data at Reduced Speed | No Roaming Needed for Faster, Safer Access | Hotspot tethering Supported | Docomo | Made in Japan",15.9,15,,,,True,25,15일,15일,,local,lte_4g_only,"{""docomo"": true, ""au"": true, ""softbank"": true, ""rakuten"": null}",10GB,https://www.amazon.com/eSIM-15-Days-SIM-10GB/dp/B0DTK4P2DZ,B0DTK4P2DZ,B0DTK4P2DZ,DHA Corporation Co. Ltd,Visit the Nippon SIM Store,"{""price_usd"": [""$15.90""], ""usage_validity"": [""[eSIM] Japan eSIM 15 Days Data Only SIM | 10GB High-Speed 4G LTE + Unlimited Data at Reduced Speed | No Roaming Needed for Faster, Safer Access | Hotspot tethering Supported | Doco""], ""data_amount"": [""【10GB LTE data, 15days use with docomo network】10GB for normal usage, you can tethering with PC/notebooks for work!! 15days for short-term visitors, locals returning to Japan!! Uti""], ""network_type"": [""【Made in Japan and Pease of mind Japan local supports】This product is produced by DHA Corporation, a Japan local MVNO carrier (telco registration no: A-30-16419) We design and prod"", ""【Japan Local service for faster, securer connections】Unlike other Japan ”roaming” products, you do not need to turn on data roaming, as your connections are limited within Japan wi"", ""score: local=11, roaming=1""], ""network_generation"": [""product_detail_4g_lte: source:feature_bullets: 【10GB LTE data, 15days use with docomo network】10GB for normal usage, you can tethering with PC/notebooks for work!! 15days for short-term visitors, locals "", ""product_detail_4g_lte: source:feature_bullets: 【Applicable products】Support SIM Free devices including iPhone, iPad, Android smartphones, Android Tablets, LTE enabled PC, MiFi which supports below bands:""], ""carrier_support_local"": [""NTT docomo: 【10GB LTE data, 15days use with docomo network】10GB for normal usage, you can tethering with PC/notebooks for work!! 15days for short-term visitors, l"", ""NTT docomo: Product description Japan SIM Card – Faster, Safer, and More Reliable Connect instantly with a Japan Local Network (IP Address) — no roaming required."", ""NTT docomo: Amazon.com: [eSIM] Japan eSIM 15 Days Data Only SIM | 10GB High-Speed 4G LTE + Unlimited Data at Reduced Speed | No Roaming Needed for Faster, Safer A"", ""NTT docomo: [eSIM] Japan eSIM 15 Days Data Only SIM | 10GB High-Speed 4G LTE + Unlimited Data at Reduced Speed | No Roaming Needed for Faster, Safer Access | Hots"", ""NTT docomo: Japan Data ONLY SIM Card 15 Days | Unlimited Internet Data (10GB at 4G LTE High Speed Data Then downgrade to 128kbps) |Docomo"", ""SoftBank: Japan Travel eSIM Card 10GB SoftBank 5G/4G LTE Data Only | Prepaid SIM | QR Code | High-Speed Data | Japan SIM | No Physical SIM Required | Nippon SIM"", ""NTT docomo: [eSIM] Japan eSIM 15 Days Data Only SIM | 10GB High-Speed 4G LTE + Unlimited Data at Reduced Speed | No Roaming Needed for Faster, Safer Access | Hots"", ""au (KDDI): Japan Travel eSIM Card 7 Days Unlimited KDDI 5G/4G Data Only | Prepaid SIM | QR Code | High-Speed Data | Japan SIM | No Physical SIM Required | Nippon"", ""NTT docomo: [eSIM] Japan eSIM 15 Days Data Only SIM | 10GB High-Speed 4G LTE + Unlimited Data at Reduced Speed | No Roaming Needed for Faster, Safer Access | Hots"", ""NTT docomo: Amazon.com: [eSIM] Japan eSIM 15 Days Data Only SIM | 10GB High-Speed 4G LTE + Unlimited Data at Reduced Speed | No Roaming Needed for Faster, Safer A""], ""review_count"": [""detail_page: 15 global ratings""], ""is_bestseller"": [""Best Sellers Rank #15,473 in Cell Phones & Accessories ( See Top 100 in Cell Phones & Accessories ) #25 in Cell Phone SIM Cards""], ""bestseller_rank"": [""Best Sellers Rank #15,473 in Cell Phones & Accessories ( See Top 100 in Cell Phones & Accessories ) #25 in Cell Phone SIM Cards""], ""title"": [""[eSIM] Japan eSIM 15 Days Data Only SIM | 10GB High-Speed 4G LTE + Unlimited Data at Reduced Speed | No Roaming Needed for Faster, Safer Access | Hotspot tethering Supported | Docomo | Made in Japan""]}"
amazon_us,jp,Hello Japan Travel eSIM 15GB 20 Days | Data Only High Speed 5G + Easy Setup,21.99,8,,,,True,132,20일,20일,,unknown,5g_capable,"{""docomo"": true, ""au"": true, ""softbank"": true, ""rakuten"": null}",15GB,https://www.amazon.com/Hello-Japan-Travel-Speed-Setup/dp/B0H5TX1P51,B0H5TX1P51,B0H5TX1P51,STA Online Store,Visit the Hello Japan SIM Store,"{""price_usd"": [""$21.99""], ""usage_validity"": [""Hello Japan Travel eSIM 15GB 20 Days | Data Only High Speed 5G + Easy Setup""], ""data_amount"": [""15GB Data Plan on SoftBank’s Nationwide Network: Includes 15GB of high-speed data valid for 20 days on SoftBank, one of Japan’s leading mobile network operators, with reported popu""], ""network_type"": [""local_signal: Direct Japan-Based Network Connection: Connect through SoftBank’s local infrastructure with Japan-based IP routing, supporting smooth access to domestic websites, booking platforms"", ""insufficient_or_conflicting_signals(local=1, roaming=-2)""], ""network_generation"": [""product_info_cellular_5g: source:product_info_cellular: Cellular Technology 5G LTE"", ""product_info_cellular_5g: source:product_info_cellular: Cellular Technology 5G LTE""], ""carrier_support_local"": [""SoftBank: 15GB Data Plan on SoftBank’s Nationwide Network: Includes 15GB of high-speed data valid for 20 days on SoftBank, one of Japan’s leading mobile network"", ""SoftBank: Direct Japan-Based Network Connection: Connect through SoftBank’s local infrastructure with Japan-based IP routing, supporting smooth access to domest"", ""SoftBank: Product description Connect to SoftBank's high-speed 5G or 4G LTE where available for navigation, messaging, video calls, translation, streaming, and "", ""SoftBank: Service Provider SoftBank"", ""SoftBank: Item Highlight No app or email registration, SoftBank 5G/4G LTE, Hotspot & Tethering, Nationwide Coverage, Valid Until Dec 30, 2026"", ""SoftBank: Amazon.com: Hello Japan Travel eSIM 15GB 20 Days | Data Only High Speed 5G + Easy Setup | No app or email registration, SoftBank 5G/4G LTE, Hotspot & "", ""SoftBank: Hello Japan Travel eSIM 15GB 20 Days | Data Only High Speed 5G + Easy Setup | No app or email registration, SoftBank 5G/4G LTE, Hotspot &amp; Tetherin"", ""au (KDDI): Japan Travel eSIM Card 7 Days Unlimited KDDI 5G/4G Data Only | Prepaid SIM | QR Code | High-Speed Data | Japan SIM | No Physical SIM Required | Nippon"", ""NTT docomo: Japan SIM Card 30 Days Data Only | 50GB High-Speed 4G LTE + Unlimited Data at Reduced Speed | No Roaming Needed for Faster, Safer Access | Hotspot tet"", ""SoftBank: Amazon.com: Hello Japan Travel eSIM 15GB 20 Days | Data Only High Speed 5G + Easy Setup | No app or email registration, SoftBank 5G/4G LTE, Hotspot & ""], ""review_count"": [""detail_page: 8 global ratings""], ""is_bestseller"": [""Best Sellers Rank #59,444 in Cell Phones & Accessories ( See Top 100 in Cell Phones & Accessories ) #132 in Cell Phone SIM Cards""], ""bestseller_rank"": [""Best Sellers Rank #59,444 in Cell Phones & Accessories ( See Top 100 in Cell Phones & Accessories ) #132 in Cell Phone SIM Cards""], ""title"": [""Hello Japan Travel eSIM 15GB 20 Days | Data Only High Speed 5G + Easy Setup""]}"
amazon_us,jp,"[eSIM] Japan eSIM 180 Days Data Only SIM | 50GB High-Speed 4G LTE + Unlimited Data at Reduced Speed | No Roaming Needed for Faster, Safer Access | Hotspot tethering Supported | Docomo | Made in Japan",59.99,10,,,,True,25,180일,180일,,local,lte_4g_only,"{""docomo"": true, ""au"": null, ""softbank"": null, ""rakuten"": null}",50GB,https://www.amazon.com/SIM-High-Speed-Unlimited-tethering-Supported/dp/B0CNJTJ86H,B0CNJTJ86H,B0CNJTJ86H,DHA Corporation Co. Ltd,Visit the Nippon SIM Store,"{""price_usd"": [""$59.99""], ""usage_validity"": [""[eSIM] Japan eSIM 180 Days Data Only SIM | 50GB High-Speed 4G LTE + Unlimited Data at Reduced Speed | No Roaming Needed for Faster, Safer Access | Hotspot tethering Supported | Doc""], ""data_amount"": [""【Ample 50GB LTE data, 180days use with docomo network】Target for heavy users, you can tethering with PC/notebooks for work!! Long 180days for mid-term visitors, locals returning to""], ""network_type"": [""【Made in Japan and Peace of mind Japan local supports】This product is produced by DHA Corporation, a Japan local MVNO carrier (telco registration no: A-30-16419) We design and prod"", ""【Japan Local service for faster, securer connections】Unlike other Japan ”roaming” products, you do not need to turn on data roaming, as your connections are limited within Japan wi"", ""score: local=11, roaming=1""], ""network_generation"": [""product_info_cellular_4g_lte: source:product_info_cellular: Cellular Technology LTE"", ""product_info_cellular_4g_lte: source:product_info_cellular: Cellular Technology LTE""], ""carrier_support_local"": [""NTT docomo: 【Ample 50GB LTE data, 180days use with docomo network】Target for heavy users, you can tethering with PC/notebooks for work!! Long 180days for mid-term"", ""NTT docomo: Product description Japan SIM Card – Faster, Safer, and More Reliable Connect instantly with a Japan Local Network (IP Address) — no roaming required."", ""NTT docomo: Service Provider NTT DOCOMO"", ""NTT docomo: Amazon.com: [eSIM] Japan eSIM 180 Days Data Only SIM | 50GB High-Speed 4G LTE + Unlimited Data at Reduced Speed | No Roaming Needed for Faster, Safer "", ""NTT docomo: [eSIM] Japan eSIM 180 Days Data Only SIM | 50GB High-Speed 4G LTE + Unlimited Data at Reduced Speed | No Roaming Needed for Faster, Safer Access | Hot"", ""NTT docomo: [eSIM] Japan eSIM 180 Days Data Only SIM | 50GB High-Speed 4G LTE + Unlimited Data at Reduced Speed | No Roaming Needed for Faster, Safer Access | Hot"", ""NTT docomo: [eSIM] Japan eSIM 180 Days Data Only SIM | 50GB High-Speed 4G LTE + Unlimited Data at Reduced Speed | No Roaming Needed for Faster, Safer Access | Hot"", ""NTT docomo: Amazon.com: [eSIM] Japan eSIM 180 Days Data Only SIM | 50GB High-Speed 4G LTE + Unlimited Data at Reduced Speed | No Roaming Needed for Faster, Safer ""], ""review_count"": [""detail_page: 10 global ratings""], ""is_bestseller"": [""Best Sellers Rank #15,473 in Cell Phones & Accessories ( See Top 100 in Cell Phones & Accessories ) #25 in Cell Phone SIM Cards""], ""bestseller_rank"": [""Best Sellers Rank #15,473 in Cell Phones & Accessories ( See Top 100 in Cell Phones & Accessories ) #25 in Cell Phone SIM Cards""], ""title"": [""[eSIM] Japan eSIM 180 Days Data Only SIM | 50GB High-Speed 4G LTE + Unlimited Data at Reduced Speed | No Roaming Needed for Faster, Safer Access | Hotspot tethering Supported | Docomo | Made in Japan""]}"
amazon_us,jp,"Japan Data ONLY eSIM Card 15 Days | 10GB of 5G/4G LTE High-Speed Internet Data | Travel eSIM Card | Dual Local Japan Carriers, Softbank AMD KDDI |prepaid eSIM Card",15.99,13,,,,True,38,15일,15일,,local,lte_4g_only,"{""docomo"": null, ""au"": true, ""softbank"": true, ""rakuten"": null}",10GB,https://www.amazon.com/Japan-eSIM-10GB-High-Speed-Internet/dp/B0DB7BBJ72,B0DB7BBJ72,B0DB7BBJ72,USBelieve Direct,Brand: SIM2ROAM,"{""price_usd"": [""$15.99""], ""usage_validity"": [""Japan Data ONLY eSIM Card 15 Days | 10GB of 5G/4G LTE High-Speed Internet Data | Travel eSIM Card | Dual Local Japan Carriers, Softbank AMD KDDI |prepaid eSIM Card""], ""data_amount"": [""Japan Data SIM 10GB 30Days Plan Detail Good for 30 days (Starts from the first connection to Japan's local network). 10GB of 5G/4G LTE High-Speed Internet data in Japan. Best recep""], ""network_type"": [""Japan Data ONLY eSIM Card 15 Days | 10GB of 5G/4G LTE High-Speed Internet Data | Travel eSIM Card | Dual Local Japan Carriers, Softbank AMD KDDI |prepaid eSIM Card"", ""Japan Data SIM 10GB 30Days Plan Detail Good for 30 days (Starts from the first connection to Japan's local network). 10GB of 5G/4G LTE High-Speed Internet data in Japan. Best recep"", ""score: local=9, roaming=1""], ""network_generation"": [""product_info_cellular_4g_lte: source:product_info_cellular: Cellular Technology LTE"", ""product_info_cellular_4g_lte: source:product_info_cellular: Cellular Technology LTE""], ""carrier_support_local"": [""au (KDDI), SoftBank: Japan Data SIM 10GB 30Days Plan Detail Good for 30 days (Starts from the first connection to Japan's local network). 10GB of 5G/4G LTE High-Speed Inte"", ""au (KDDI), SoftBank: Service Provider Softbank and KDDI"", ""au (KDDI), SoftBank: Amazon.com: Japan Data ONLY eSIM Card 15 Days | 10GB of 5G/4G LTE High-Speed Internet Data | Travel eSIM Card | Dual Local Japan Carriers, Softbank AM"", ""au (KDDI), SoftBank: Japan Data ONLY eSIM Card 15 Days | 10GB of 5G/4G LTE High-Speed Internet Data | Travel eSIM Card | Dual Local Japan Carriers, Softbank AMD KDDI |prep"", ""au (KDDI): Japan Travel eSIM Card 10 Days Unlimited KDDI 5G/4G Data Only | Prepaid SIM | QR Code | High-Speed Data | Japan SIM | No Physical SIM Required | Nippo"", ""au (KDDI), SoftBank: Japan Data ONLY eSIM Card 15 Days | 10GB of 5G/4G LTE High-Speed Internet Data | Travel eSIM Card | Dual Local Japan Carriers, Softbank AMD KDDI |prep"", ""SoftBank: Japan Travel eSIM Card 10GB SoftBank 5G/4G LTE Data Only | Prepaid SIM | QR Code | High-Speed Data | Japan SIM | No Physical SIM Required | Nippon SIM"", ""au (KDDI), SoftBank: Japan Data ONLY eSIM Card 15 Days | 10GB of 5G/4G LTE High-Speed Internet Data | Travel eSIM Card | Dual Local Japan Carriers, Softbank AMD KDDI |prep"", ""au (KDDI), SoftBank: Amazon.com: Japan Data ONLY eSIM Card 15 Days | 10GB of 5G/4G LTE High-Speed Internet Data | Travel eSIM Card | Dual Local Japan Carriers, Softbank AM""], ""review_count"": [""detail_page: 13 global ratings""], ""is_bestseller"": [""Best Sellers Rank #21,511 in Cell Phones & Accessories ( See Top 100 in Cell Phones & Accessories ) #38 in Cell Phone SIM Cards""], ""bestseller_rank"": [""Best Sellers Rank #21,511 in Cell Phones & Accessories ( See Top 100 in Cell Phones & Accessories ) #38 in Cell Phone SIM Cards""], ""title"": [""Japan Data ONLY eSIM Card 15 Days | 10GB of 5G/4G LTE High-Speed Internet Data | Travel eSIM Card | Dual Local Japan Carriers, Softbank AMD KDDI |prepaid eSIM Card""]}"
amazon_us,jp,"[eSIM] Japan eSIM 180 Days Data Only SIM | 15GB High-Speed 4G LTE + Unlimited Data at Reduced Speed | No Roaming Needed for Faster, Safer Access | Hotspot tethering Supported | Docomo | Made in Japan",24.99,83,,,,True,25,180일,180일,,local,lte_4g_only,"{""docomo"": true, ""au"": null, ""softbank"": true, ""rakuten"": null}",15GB,https://www.amazon.com/SIM-High-Speed-Unlimited-tethering-Supported/dp/B0CNG85NN5,B0CNG85NN5,B0CNG85NN5,DHA Corporation Co. Ltd,Visit the Nippon SIM Store,"{""price_usd"": [""$24.99""], ""usage_validity"": [""[eSIM] Japan eSIM 180 Days Data Only SIM | 15GB High-Speed 4G LTE + Unlimited Data at Reduced Speed | No Roaming Needed for Faster, Safer Access | Hotspot tethering Supported | Doc""], ""data_amount"": [""【15GB LTE data, 180days use with docomo network】Target for heavy users, you can tethering with PC/notebooks for work!! Long 180days for mid-term visitors, locals returning to Japan""], ""network_type"": [""【Made in Japan and Peace of mind Japan local supports】This product is produced by DHA Corporation, a Japan local MVNO carrier (telco registration no: A-30-16419) We design and prod"", ""【Japan Local service for faster, securer connections】Unlike other Japan ”roaming” products, you do not need to turn on data roaming, as your connections are limited within Japan wi"", ""score: local=11, roaming=1""], ""network_generation"": [""product_info_cellular_4g_lte: source:product_info_cellular: Cellular Technology LTE"", ""product_info_cellular_4g_lte: source:product_info_cellular: Cellular Technology LTE""], ""carrier_support_local"": [""NTT docomo: 【15GB LTE data, 180days use with docomo network】Target for heavy users, you can tethering with PC/notebooks for work!! Long 180days for mid-term visit"", ""NTT docomo: Product description Japan SIM Card – Faster, Safer, and More Reliable Connect instantly with a Japan Local Network (IP Address) — no roaming required."", ""NTT docomo: Service Provider docomo"", ""NTT docomo: Amazon.com: [eSIM] Japan eSIM 180 Days Data Only SIM | 15GB High-Speed 4G LTE + Unlimited Data at Reduced Speed | No Roaming Needed for Faster, Safer "", ""NTT docomo: [eSIM] Japan eSIM 180 Days Data Only SIM | 15GB High-Speed 4G LTE + Unlimited Data at Reduced Speed | No Roaming Needed for Faster, Safer Access | Hot"", ""SoftBank: Japan Travel eSIM Card 10GB SoftBank 5G/4G LTE Data Only | Prepaid SIM | QR Code | High-Speed Data | Japan SIM | No Physical SIM Required | Nippon SIM"", ""NTT docomo: [eSIM] Japan eSIM 180 Days Data Only SIM | 15GB High-Speed 4G LTE + Unlimited Data at Reduced Speed | No Roaming Needed for Faster, Safer Access | Hot"", ""SoftBank: Japan Travel eSIM Card 10GB SoftBank 5G/4G LTE Data Only | Prepaid SIM | QR Code | High-Speed Data | Japan SIM | No Physical SIM Required | Nippon SIM"", ""NTT docomo: [eSIM] Japan eSIM 180 Days Data Only SIM | 15GB High-Speed 4G LTE + Unlimited Data at Reduced Speed | No Roaming Needed for Faster, Safer Access | Hot"", ""NTT docomo: Amazon.com: [eSIM] Japan eSIM 180 Days Data Only SIM | 15GB High-Speed 4G LTE + Unlimited Data at Reduced Speed | No Roaming Needed for Faster, Safer ""], ""review_count"": [""detail_page: 83 global ratings""], ""is_bestseller"": [""Best Sellers Rank #15,473 in Cell Phones & Accessories ( See Top 100 in Cell Phones & Accessories ) #25 in Cell Phone SIM Cards""], ""bestseller_rank"": [""Best Sellers Rank #15,473 in Cell Phones & Accessories ( See Top 100 in Cell Phones & Accessories ) #25 in Cell Phone SIM Cards""], ""title"": [""[eSIM] Japan eSIM 180 Days Data Only SIM | 15GB High-Speed 4G LTE + Unlimited Data at Reduced Speed | No Roaming Needed for Faster, Safer Access | Hotspot tethering Supported | Docomo | Made in Japan""]}"
amazon_us,jp,Japan eSIM Unlimited 30-Day 5G LTE Hotspot No Physical SIM,35.5,31,,,,True,124,30일,30일,30일,unknown,5g_capable,"{""docomo"": true, ""au"": true, ""softbank"": true, ""rakuten"": null}",unlimited,https://www.amazon.com/WoWeSim-Unlimited-30-Day-Hotspot-Physical/dp/B0FR97MBJW,B0FR97MBJW,B0FR97MBJW,WoWeSim,Visit the WoWeSim Store,"{""price_usd"": [""$35.50""], ""usage_validity"": [""Japan eSIM Unlimited 30-Day 5G LTE Hotspot No Physical SIM""], ""activation_validity"": [""EXTENDED 30 DAYS - UNLIMITED DATA: We have extended this plan's validity to a full 30 Days (originally 5) for longer trips. PLEASE NOTE: The physical package label still displays \""""], ""data_amount"": [""EXTENDED 30 DAYS - UNLIMITED DATA: We have extended this plan's validity to a full 30 Days (originally 5) for longer trips. PLEASE NOTE: The physical package label still displays \""""], ""network_type"": [""insufficient_or_conflicting_signals(local=0, roaming=-2)""], ""network_generation"": [""product_info_cellular_5g: source:product_info_cellular: Cellular Technology LTE/4G/5G"", ""product_info_cellular_5g: source:product_info_cellular: Cellular Technology LTE/4G/5G"", ""product_info_cellular_4g_lte_signal_present_but_5g_capable_takes_precedence""], ""carrier_support_local"": [""SoftBank: Service Provider SoftBank"", ""NTT docomo: [eSIM] Japan eSIM 180 Days Data Only SIM | 30GB High-Speed 4G LTE + Unlimited Data at Reduced Speed | No Roaming Needed for Faster, Safer Access | Hot"", ""au (KDDI): Japan Travel eSIM Card 7 Days Unlimited KDDI 5G/4G Data Only | Prepaid SIM | QR Code | High-Speed Data | Japan SIM | No Physical SIM Required | Nippon""], ""review_count"": [""detail_page: 31 global ratings""], ""is_bestseller"": [""Best Sellers Rank #56,567 in Cell Phones & Accessories ( See Top 100 in Cell Phones & Accessories ) #124 in Cell Phone SIM Cards""], ""bestseller_rank"": [""Best Sellers Rank #56,567 in Cell Phones & Accessories ( See Top 100 in Cell Phones & Accessories ) #124 in Cell Phone SIM Cards""], ""title"": [""Japan eSIM Unlimited 30-Day 5G LTE Hotspot No Physical SIM""]}"
amazon_us,jp,"[eSIM] Japan eSIM 30 Days Data Only SIM | 50GB High-Speed 4G LTE + Unlimited Data at Reduced Speed | No Roaming Needed for Faster, Safer Access | Hotspot tethering Supported | Docomo | Made in Japan",34.9,15,,,,True,25,30일,30일,,local,lte_4g_only,"{""docomo"": true, ""au"": true, ""softbank"": true, ""rakuten"": null}",50GB,https://www.amazon.com/SIM-High-Speed-Unlimited-tethering-Supported/dp/B0CY47BF8S,B0CY47BF8S,B0CY47BF8S,DHA Corporation Co. Ltd,Visit the Nippon SIM Store,"{""price_usd"": [""$34.90""], ""usage_validity"": [""[eSIM] Japan eSIM 30 Days Data Only SIM | 50GB High-Speed 4G LTE + Unlimited Data at Reduced Speed | No Roaming Needed for Faster, Safer Access | Hotspot tethering Supported | Doco""], ""data_amount"": [""【Ample 50GB LTE data, 30days use with docomo network】Target for heavy users, you can tethering with PC/notebooks for work!! 30days for short-term visitors, locals returning to Japa""], ""network_type"": [""【Made in Japan and Peace of mind Japan local supports】This product is produced by DHA Corporation, a Japan local MVNO carrier (telco registration no: A-30-16419) We design and prod"", ""【Japan Local service for faster, securer connections】Unlike other Japan ”roaming” products, you do not need to turn on data roaming, as your connections are limited within Japan wi"", ""score: local=11, roaming=1""], ""network_generation"": [""product_detail_4g_lte: source:feature_bullets: 【Ample 50GB LTE data, 30days use with docomo network】Target for heavy users, you can tethering with PC/notebooks for work!! 30days for short-term visitors, "", ""product_detail_4g_lte: source:feature_bullets: 【Applicable products】Support SIM Free devices including iPhone, iPad, Android smartphones, Android Tablets, LTE enabled PC, MiFi which supports below bands:""], ""carrier_support_local"": [""NTT docomo: 【Ample 50GB LTE data, 30days use with docomo network】Target for heavy users, you can tethering with PC/notebooks for work!! 30days for short-term visi"", ""NTT docomo: Product description Japan SIM Card – Faster, Safer, and More Reliable Connect instantly with a Japan Local Network (IP Address) — no roaming required."", ""NTT docomo: Amazon.com: [eSIM] Japan eSIM 30 Days Data Only SIM | 50GB High-Speed 4G LTE + Unlimited Data at Reduced Speed | No Roaming Needed for Faster, Safer A"", ""NTT docomo: [eSIM] Japan eSIM 30 Days Data Only SIM | 50GB High-Speed 4G LTE + Unlimited Data at Reduced Speed | No Roaming Needed for Faster, Safer Access | Hots"", ""SoftBank: Japan Travel eSIM Card 10GB SoftBank 5G/4G LTE Data Only | Prepaid SIM | QR Code | High-Speed Data | Japan SIM | No Physical SIM Required | Nippon SIM"", ""NTT docomo: [eSIM] Japan eSIM 30 Days Data Only SIM | 50GB High-Speed 4G LTE + Unlimited Data at Reduced Speed | No Roaming Needed for Faster, Safer Access | Hots"", ""au (KDDI): Japan Travel eSIM Card 7 Days Unlimited KDDI 5G/4G Data Only | Prepaid SIM | QR Code | High-Speed Data | Japan SIM | No Physical SIM Required | Nippon"", ""NTT docomo: [eSIM] Japan eSIM 30 Days Data Only SIM | 50GB High-Speed 4G LTE + Unlimited Data at Reduced Speed | No Roaming Needed for Faster, Safer Access | Hots"", ""NTT docomo: Amazon.com: [eSIM] Japan eSIM 30 Days Data Only SIM | 50GB High-Speed 4G LTE + Unlimited Data at Reduced Speed | No Roaming Needed for Faster, Safer A""], ""review_count"": [""detail_page: 15 global ratings""], ""is_bestseller"": [""Best Sellers Rank #15,473 in Cell Phones & Accessories ( See Top 100 in Cell Phones & Accessories ) #25 in Cell Phone SIM Cards""], ""bestseller_rank"": [""Best Sellers Rank #15,473 in Cell Phones & Accessories ( See Top 100 in Cell Phones & Accessories ) #25 in Cell Phone SIM Cards""], ""title"": [""[eSIM] Japan eSIM 30 Days Data Only SIM | 50GB High-Speed 4G LTE + Unlimited Data at Reduced Speed | No Roaming Needed for Faster, Safer Access | Hotspot tethering Supported | Docomo | Made in Japan""]}"
amazon_us,jp,Japan Travel eSIM Card – 14 Day 20GB Prepaid Data Plan| 4G LTE High-Speed Data + Unlimited Slow Data | Hotspot Supported | Local Carrier | No Contract & SIM Card Needed | for Unlocked iOS & Android,17.89,4,,,,True,81,14일,14일,15일,local,lte_4g_only,"{""docomo"": true, ""au"": null, ""softbank"": true, ""rakuten"": null}",20GB,https://www.amazon.com/Japan-Travel-eSIM-Card-High-Speed/dp/B0FLNTPZ5V,B0FLNTPZ5V,B0FLNTPZ5V,STAR VENTURE,Visit the generic Store,"{""price_usd"": [""$17.89""], ""usage_validity"": [""Japan Travel eSIM Card – 14 Day 20GB Prepaid Data Plan| 4G LTE High-Speed Data + Unlimited Slow Data | Hotspot Supported | Local Carrier | No Contract & SIM Card Needed | for Unloc""], ""activation_validity"": [""Stay connected during your travels in Japan with this convenient Japan Travel eSIM. Providing 15 GB of high-speed 4G/LTE data for 15 days, it offers seamless coverage across Japan,""], ""data_amount"": [""20GB 14-days Japan eSIM: Enjoy a 14-day plan with 20GB of premium 4G LTE data on Japan's most reliable networks.Perfect for travelers and business professionals - supports mobile h""], ""network_type"": [""Japan Travel eSIM Card – 14 Day 20GB Prepaid Data Plan| 4G LTE High-Speed Data + Unlimited Slow Data | Hotspot Supported | Local Carrier | No Contract & SIM Card Needed | for Unloc"", ""Amazon.com: Japan Travel eSIM Card – 14 Day 20GB Prepaid Data Plan| 4G LTE High-Speed Data + Unlimited Slow Data | Hotspot Supported | Local Carrier | No Contract & SIM Card Needed"", ""score: local=18, roaming=-1""], ""network_generation"": [""product_info_cellular_4g_lte: source:product_info_cellular: Cellular Technology LTE"", ""product_info_cellular_4g_lte: source:product_info_cellular: Cellular Technology LTE""], ""carrier_support_local"": [""NTT docomo: [eSIM] Japan eSIM 180 Days Data Only SIM | 30GB High-Speed 4G LTE + Unlimited Data at Reduced Speed | No Roaming Needed for Faster, Safer Access | Hot"", ""SoftBank: Japan Travel eSIM Card 10GB SoftBank 5G/4G LTE Data Only | Prepaid SIM | QR Code | High-Speed Data | Japan SIM | No Physical SIM Required | Nippon SIM""], ""review_count"": [""detail_page: 4 global ratings""], ""is_bestseller"": [""Best Sellers Rank #38,049 in Cell Phones & Accessories ( See Top 100 in Cell Phones & Accessories ) #81 in Cell Phone SIM Cards""], ""bestseller_rank"": [""Best Sellers Rank #38,049 in Cell Phones & Accessories ( See Top 100 in Cell Phones & Accessories ) #81 in Cell Phone SIM Cards""], ""title"": [""Japan Travel eSIM Card – 14 Day 20GB Prepaid Data Plan| 4G LTE High-Speed Data + Unlimited Slow Data | Hotspot Supported | Local Carrier | No Contract & SIM Card Needed | for Unlocked iOS & Android""]}"
amazon_us,jp,eSIM Japan 20 Days | Japan SIM Card Unlimited Data with Total 15GB High-Speed | Instant QR Delivery | Docomo/SoftBank Network | Japanese Sim Card | Easy Setup for iPhone & Android,19.99,3,,,,True,270,20일,20일,30일,unknown,unknown,"{""docomo"": true, ""au"": null, ""softbank"": true, ""rakuten"": null}",15GB,https://www.amazon.com/20-Days-Unlimited-High-Speed-Delivery/dp/B0F92VXP9G,B0F92VXP9G,B0F92VXP9G,Jethro Trading Ltd.,Visit the JETSIM Store,"{""price_usd"": [""$19.99""], ""usage_validity"": [""eSIM Japan 20 Days | Japan SIM Card Unlimited Data with Total 15GB High-Speed | Instant QR Delivery | Docomo/SoftBank Network | Japanese Sim Card | Easy Setup for iPhone & Android""], ""activation_validity"": [""Product description Can I use my eSIM immediately after purchase? Yes. Simply submit the claim form, and we will deliver your eSIM to your email right away. Do I need to activate m""], ""data_amount"": [""[Fast & Reliable Data] 15GB high-speed + unlimited basic data for 20 days—ideal for maps, social media, and emails.""], ""network_type"": [""roaming_signal: Product description Can I use my eSIM immediately after purchase? Yes. Simply submit the claim form, and we will deliver your eSIM to your email right away. Do I need to activate m"", ""insufficient_or_conflicting_signals(local=0, roaming=1)""], ""network_generation"": [""fallback_5g: source:meta_description: Amazon.com: JetSim eSIM Japan 20 Days | Japan SIM Card Unlimited Data with Total 15GB High-Speed | Instant QR Delivery | Docomo/SoftBank Network | Japanese"", ""fallback_4g_lte: source:image_alt: Data Only Sim Card No Activation, Prepaid Data Plan 24GB 360-Day USA Triple Network..."", ""fallback_only_network_generation_signal""], ""carrier_support_local"": [""NTT docomo, SoftBank: Service Provider Docomo/SoftBank"", ""NTT docomo, SoftBank: Amazon.com: JetSim eSIM Japan 20 Days | Japan SIM Card Unlimited Data with Total 15GB High-Speed | Instant QR Delivery | Docomo/SoftBank Network | Jap"", ""NTT docomo, SoftBank: JetSim eSIM Japan 20 Days | Japan SIM Card Unlimited Data with Total 15GB High-Speed | Instant QR Delivery | Docomo/SoftBank Network | Japanese Sim Ca"", ""NTT docomo, SoftBank: JetSim eSIM Japan 20 Days | Japan SIM Card Unlimited Data with Total 15GB High-Speed | Instant QR Delivery | Docomo/SoftBank Network | Japanese Sim Ca"", ""NTT docomo: [eSIM] Japan eSIM 30 Days Data Only SIM | 50GB High-Speed 4G LTE + Unlimited Data at Reduced Speed | No Roaming Needed for Faster, Safer Access | Hots"", ""NTT docomo, SoftBank: JetSim eSIM Japan 20 Days | Japan SIM Card Unlimited Data with Total 15GB High-Speed | Instant QR Delivery | Docomo/SoftBank Network | Japanese Sim Ca"", ""NTT docomo, SoftBank: Amazon.com: JetSim eSIM Japan 20 Days | Japan SIM Card Unlimited Data with Total 15GB High-Speed | Instant QR Delivery | Docomo/SoftBank Network | Jap""], ""review_count"": [""detail_page: 3 global ratings""], ""is_bestseller"": [""Best Sellers Rank #120,183 in Cell Phones & Accessories ( See Top 100 in Cell Phones & Accessories ) #270 in Cell Phone SIM Cards""], ""bestseller_rank"": [""Best Sellers Rank #120,183 in Cell Phones & Accessories ( See Top 100 in Cell Phones & Accessories ) #270 in Cell Phone SIM Cards""], ""title"": [""eSIM Japan 20 Days | Japan SIM Card Unlimited Data with Total 15GB High-Speed | Instant QR Delivery | Docomo/SoftBank Network | Japanese Sim Card | Easy Setup for iPhone & Android""]}"
amazon_us,jp,Japan eSIM 60GB 15-Day 5G LTE Hotspot No Physical SIM,30.99,31,,,,True,124,15일,15일,,unknown,5g_capable,"{""docomo"": true, ""au"": null, ""softbank"": null, ""rakuten"": null}",unlimited,https://www.amazon.com/WoWeSim-Japan-15-Day-Hotspot-Physical/dp/B0FR92VYF4,B0FR92VYF4,B0FR92VYF4,WoWeSim,Visit the WoWeSim Store,"{""price_usd"": [""$30.99""], ""usage_validity"": [""Japan eSIM 60GB 15-Day 5G LTE Hotspot No Physical SIM""], ""data_amount"": [""DAILY HIGH-SPEED DATA: Enjoy unlimited data per day for 10 days in China; ideal for short trips or business travel; stay connected for maps, social media, and messaging; prepaid eS""], ""network_type"": [""roaming_signal: DAILY HIGH-SPEED DATA: Enjoy unlimited data per day for 10 days in China; ideal for short trips or business travel; stay connected for maps, social media, and messaging; prepaid eS"", ""insufficient_or_conflicting_signals(local=0, roaming=-1)""], ""network_generation"": [""product_info_cellular_5g: source:product_info_cellular: Cellular Technology LTE/4G/5G"", ""product_info_cellular_5g: source:product_info_cellular: Cellular Technology LTE/4G/5G"", ""product_info_cellular_4g_lte_signal_present_but_5g_capable_takes_precedence""], ""carrier_support_local"": [""NTT docomo: Japan SIM Card 30 Days Data Only | 10GB High-Speed 4G LTE + Unlimited Data at Reduced Speed | No Roaming Needed for Faster, Safer Access | Hotspot tet""], ""review_count"": [""detail_page: 31 global ratings""], ""is_bestseller"": [""Best Sellers Rank #56,567 in Cell Phones & Accessories ( See Top 100 in Cell Phones & Accessories ) #124 in Cell Phone SIM Cards""], ""bestseller_rank"": [""Best Sellers Rank #56,567 in Cell Phones & Accessories ( See Top 100 in Cell Phones & Accessories ) #124 in Cell Phone SIM Cards""], ""title"": [""Japan eSIM 60GB 15-Day 5G LTE Hotspot No Physical SIM""]}"
amazon_us,jp,Hello Japan Travel eSIM 15GB 30 Days | Data Only High Speed 5G + Easy Setup,22.99,17,,,,True,388,30일,30일,,unknown,5g_capable,"{""docomo"": true, ""au"": true, ""softbank"": true, ""rakuten"": null}",15GB,https://www.amazon.com/Japan-Travel-eSIM-Valid-Until/dp/B0GP91TKD8,B0GP91TKD8,B0GP91TKD8,STA Online Store,Visit the Hello Japan SIM Store,"{""price_usd"": [""$22.99""], ""usage_validity"": [""Hello Japan Travel eSIM 15GB 30 Days | Data Only High Speed 5G + Easy Setup""], ""data_amount"": [""15GB Data Plan on SoftBank’s Nationwide Network: Includes 15GB of high-speed data valid for 30 days on SoftBank, one of Japan’s leading mobile network operators, with reported popu""], ""network_type"": [""local_signal: Direct Japan-Based Network Connection: Connect through SoftBank’s local infrastructure with Japan-based IP routing, supporting smooth access to domestic websites, booking platforms"", ""insufficient_or_conflicting_signals(local=1, roaming=-2)""], ""network_generation"": [""product_info_cellular_5g: source:product_info_cellular: Cellular Technology 5G/4G LTE"", ""product_info_cellular_5g: source:product_info_cellular: Cellular Technology 5G/4G LTE""], ""carrier_support_local"": [""SoftBank: 15GB Data Plan on SoftBank’s Nationwide Network: Includes 15GB of high-speed data valid for 30 days on SoftBank, one of Japan’s leading mobile network"", ""SoftBank: Direct Japan-Based Network Connection: Connect through SoftBank’s local infrastructure with Japan-based IP routing, supporting smooth access to domest"", ""SoftBank: Product description Connect to SoftBank's high-speed 5G or 4G LTE where available for navigation, messaging, video calls, translation, streaming, and "", ""SoftBank: Service Provider SoftBank"", ""SoftBank: Item Highlight No app or email registration, SoftBank 5G/4G LTE, Hotspot & Tethering, Nationwide Coverage, Valid Until Dec 30, 2026"", ""SoftBank: Amazon.com: Hello Japan Travel eSIM 15GB 30 Days | Data Only High Speed 5G + Easy Setup | No app or email registration, SoftBank 5G/4G LTE, Hotspot & "", ""SoftBank: Hello Japan Travel eSIM 15GB 30 Days | Data Only High Speed 5G + Easy Setup | No app or email registration, SoftBank 5G/4G LTE, Hotspot &amp; Tetherin"", ""NTT docomo: Japan SIM Card 15 Days Data Only | 10GB High-Speed 4G LTE + Unlimited Data at Reduced Speed | No Roaming Needed for Faster, Safer Access | Hotspot tet"", ""au (KDDI): Japan Travel eSIM Card 10 Days Unlimited KDDI 5G/4G Data Only | Prepaid SIM | QR Code | High-Speed Data | Japan SIM | No Physical SIM Required | Nippo"", ""NTT docomo: Japan SIM Card 15 Days Data Only | 10GB High-Speed 4G LTE + Unlimited Data at Reduced Speed | No Roaming Needed for Faster, Safer Access | Hotspot tet"", ""SoftBank: Seamless, High-Speed SoftBank eSIM for Japan Travel But make sure to activate before you go"", ""SoftBank: Seamless, High-Speed SoftBank eSIM for Japan Travel But make sure to activate before you go"", ""SoftBank: Seamless, High-Speed SoftBank eSIM for Japan Travel But make sure to activate before you go"", ""SoftBank: Seamless, High-Speed SoftBank eSIM for Japan Travel But make sure to activate before you go"", ""SoftBank: Amazon.com: Hello Japan Travel eSIM 15GB 30 Days | Data Only High Speed 5G + Easy Setup | No app or email registration, SoftBank 5G/4G LTE, Hotspot & ""], ""review_count"": [""detail_page: 17 global ratings""], ""is_bestseller"": [""Best Sellers Rank #172,897 in Cell Phones & Accessories ( See Top 100 in Cell Phones & Accessories ) #388 in Cell Phone SIM Cards""], ""bestseller_rank"": [""Best Sellers Rank #172,897 in Cell Phones & Accessories ( See Top 100 in Cell Phones & Accessories ) #388 in Cell Phone SIM Cards""], ""title"": [""Hello Japan Travel eSIM 15GB 30 Days | Data Only High Speed 5G + Easy Setup""]}"
amazon_us,jp,"[eSIM] Japan eSIM 180 Days Data Only SIM | 30GB High-Speed 4G LTE + Unlimited Data at Reduced Speed | No Roaming Needed for Faster, Safer Access | Hotspot tethering Supported | Docomo | Made in Japan",39.99,65,,,,True,25,180일,180일,,local,lte_4g_only,"{""docomo"": true, ""au"": true, ""softbank"": true, ""rakuten"": null}",30GB,https://www.amazon.com/SIM-High-Speed-Unlimited-tethering-Supported/dp/B0CNJJCFTY,B0CNJJCFTY,B0CNJJCFTY,DHA Corporation Co. Ltd,Visit the Nippon SIM Store,"{""price_usd"": [""$39.99""], ""usage_validity"": [""[eSIM] Japan eSIM 180 Days Data Only SIM | 30GB High-Speed 4G LTE + Unlimited Data at Reduced Speed | No Roaming Needed for Faster, Safer Access | Hotspot tethering Supported | Doc""], ""data_amount"": [""【Ample 30GB LTE data, 180days use with docomo network】Target for heavy users, you can tethering with PC/notebooks for work!! Long 180days for mid-term visitors, locals returning to""], ""network_type"": [""【Made in Japan and Peace of mind Japan local supports】This product is produced by DHA Corporation, a Japan local MVNO carrier (telco registration no: A-30-16419) We design and prod"", ""【Japan Local service for faster, securer connections】Unlike other Japan ”roaming” products, you do not need to turn on data roaming, as your connections are limited within Japan wi"", ""score: local=11, roaming=1""], ""network_generation"": [""product_detail_4g_lte: source:feature_bullets: 【Ample 30GB LTE data, 180days use with docomo network】Target for heavy users, you can tethering with PC/notebooks for work!! Long 180days for mid-term visit"", ""product_detail_4g_lte: source:feature_bullets: 【Applicable products】Support SIM Free devices including iPhone, iPad, Android smartphones, Android Tablets, LTE enabled PC, MiFi which supports below bands:""], ""carrier_support_local"": [""NTT docomo: 【Ample 30GB LTE data, 180days use with docomo network】Target for heavy users, you can tethering with PC/notebooks for work!! Long 180days for mid-term"", ""NTT docomo: Product description Japan SIM Card – Faster, Safer, and More Reliable Connect instantly with a Japan Local Network (IP Address) — no roaming required."", ""NTT docomo: Amazon.com: [eSIM] Japan eSIM 180 Days Data Only SIM | 30GB High-Speed 4G LTE + Unlimited Data at Reduced Speed | No Roaming Needed for Faster, Safer "", ""NTT docomo: [eSIM] Japan eSIM 180 Days Data Only SIM | 30GB High-Speed 4G LTE + Unlimited Data at Reduced Speed | No Roaming Needed for Faster, Safer Access | Hot"", ""SoftBank: Japan Travel eSIM Card 10GB SoftBank 5G/4G LTE Data Only | Prepaid SIM | QR Code | High-Speed Data | Japan SIM | No Physical SIM Required | Nippon SIM"", ""NTT docomo: [eSIM] Japan eSIM 180 Days Data Only SIM | 30GB High-Speed 4G LTE + Unlimited Data at Reduced Speed | No Roaming Needed for Faster, Safer Access | Hot"", ""au (KDDI): Japan Travel eSIM Card 7 Days Unlimited KDDI 5G/4G Data Only | Prepaid SIM | QR Code | High-Speed Data | Japan SIM | No Physical SIM Required | Nippon"", ""NTT docomo: [eSIM] Japan eSIM 180 Days Data Only SIM | 30GB High-Speed 4G LTE + Unlimited Data at Reduced Speed | No Roaming Needed for Faster, Safer Access | Hot"", ""NTT docomo: Amazon.com: [eSIM] Japan eSIM 180 Days Data Only SIM | 30GB High-Speed 4G LTE + Unlimited Data at Reduced Speed | No Roaming Needed for Faster, Safer ""], ""review_count"": [""detail_page: 65 global ratings""], ""is_bestseller"": [""Best Sellers Rank #15,473 in Cell Phones & Accessories ( See Top 100 in Cell Phones & Accessories ) #25 in Cell Phone SIM Cards""], ""bestseller_rank"": [""Best Sellers Rank #15,473 in Cell Phones & Accessories ( See Top 100 in Cell Phones & Accessories ) #25 in Cell Phone SIM Cards""], ""title"": [""[eSIM] Japan eSIM 180 Days Data Only SIM | 30GB High-Speed 4G LTE + Unlimited Data at Reduced Speed | No Roaming Needed for Faster, Safer Access | Hotspot tethering Supported | Docomo | Made in Japan""]}"
amazon_us,jp,Japan Travel eSIM Card – 15 Day 10GB Prepaid Data Plan| 4G LTE High-Speed Data + Unlimited Slow Data | Hotspot Supported | Local Carrier | No Contract & SIM Card Needed | for Unlocked iOS & Android,16.99,29,,,,True,81,15일,15일,,local,lte_4g_only,"{""docomo"": true, ""au"": true, ""softbank"": null, ""rakuten"": null}",10GB,https://www.amazon.com/Prepaid-High-Speed-Network-Unlimited-Supported/dp/B0DW45VLGC,B0DW45VLGC,B0DW45VLGC,STAR VENTURE,Visit the generic Store,"{""price_usd"": [""$16.99""], ""usage_validity"": [""Japan Travel eSIM Card – 15 Day 10GB Prepaid Data Plan| 4G LTE High-Speed Data + Unlimited Slow Data | Hotspot Supported | Local Carrier | No Contract & SIM Card Needed | for Unloc""], ""data_amount"": [""10GB 15-days Japan eSIM: Enjoy a 15-day plan with 10GB of premium 4G LTE data on Japan's most reliable networks.Perfect for travelers and business professionals - supports mobile h""], ""network_type"": [""Japan Travel eSIM Card – 15 Day 10GB Prepaid Data Plan| 4G LTE High-Speed Data + Unlimited Slow Data | Hotspot Supported | Local Carrier | No Contract & SIM Card Needed | for Unloc"", ""Product description Previous page Next page 1 Fast eSIM Network 2 Apps Travel With You 3 Turn eSIM into WiFi 4 Snap QR, Get eSIM 5 Instant eSIM Activation Previous page Reliable 4G"", ""score: local=21, roaming=1""], ""network_generation"": [""product_info_cellular_4g_lte: source:product_info_cellular: Cellular Technology LTE"", ""product_info_cellular_4g_lte: source:product_info_cellular: Cellular Technology LTE""], ""carrier_support_local"": [""NTT docomo: Japan Data ONLY SIM Card 15 Days | Unlimited Internet Data (10GB at 4G LTE High Speed Data Then downgrade to 128kbps) |Docomo"", ""NTT docomo: Japan SIM Card 15 Days Data Only | 10GB High-Speed 4G LTE + Unlimited Data at Reduced Speed | No Roaming Needed for Faster, Safer Access | Hotspot tet"", ""au (KDDI): Japan Travel eSIM Card 10 Days Unlimited KDDI 5G/4G Data Only | Prepaid SIM | QR Code | High-Speed Data | Japan SIM | No Physical SIM Required | Nippo""], ""review_count"": [""detail_page: 29 global ratings""], ""is_bestseller"": [""Best Sellers Rank #38,049 in Cell Phones & Accessories ( See Top 100 in Cell Phones & Accessories ) #81 in Cell Phone SIM Cards""], ""bestseller_rank"": [""Best Sellers Rank #38,049 in Cell Phones & Accessories ( See Top 100 in Cell Phones & Accessories ) #81 in Cell Phone SIM Cards""], ""title"": [""Japan Travel eSIM Card – 15 Day 10GB Prepaid Data Plan| 4G LTE High-Speed Data + Unlimited Slow Data | Hotspot Supported | Local Carrier | No Contract & SIM Card Needed | for Unlocked iOS & Android""]}"
amazon_us,jp,"[eSIM] Japan eSIM | 15DAYS 10GB | 5G, 4G/LTE, Tethering, Hotspot | SIM with Instant Activation in 10 Minutes | KDDI, SoftBank | Tokyo, Osaka, Fukuoka, Sapporo | Travel with Ringsim",9.99,11,,,,True,264,15일,15일,,local,5g_capable,"{""docomo"": null, ""au"": true, ""softbank"": true, ""rakuten"": null}",5GB,https://www.amazon.com/Tethering-Hotspot-Instant-Activation-SoftBank/dp/B0F2MNW21K,B0F2MNW21K,B0F2MNW21K,RINGSIM,Visit the ringsim Store,"{""price_usd"": [""$9.99""], ""usage_validity"": [""[eSIM] Japan eSIM | 15DAYS 10GB | 5G, 4G/LTE, Tethering, Hotspot | SIM with Instant Activation in 10 Minutes | KDDI, SoftBank | Tokyo, Osaka, Fukuoka, Sapporo | Travel with Ringsim""], ""data_amount"": [""★ Flexible Data Plans: Pick 5GB, 10GB, 20GB, 30GB, or Unlimited—perfect for both casual browsing and heavy usage. Flexible prepaid options tailored to your trip in Japan.""], ""network_type"": [""Product description Previous page Next page 1 Why have to use eSIM 2 What is eSIM? 3 How to Create eSIM. STEP1 4 How to Create eSIM. STEP2 How to install eSIM in IOS(iPhone) Previo"", ""score: local=3, roaming=0""], ""network_generation"": [""product_info_cellular_5g: source:product_info_cellular: Cellular Technology 5G, 4G, LTE"", ""product_info_cellular_5g: source:product_info_cellular: Cellular Technology 5G, 4G, LTE""], ""carrier_support_local"": [""au (KDDI), SoftBank: Service Provider KDDI, Softbank"", ""au (KDDI), SoftBank: Amazon.com: [eSIM] Japan eSIM | 15DAYS 10GB | 5G, 4G/LTE, Tethering, Hotspot | SIM with Instant Activation in 10 Minutes | KDDI, SoftBank | Tokyo, Osa"", ""au (KDDI), SoftBank: [eSIM] Japan eSIM | 15DAYS 10GB | 5G, 4G/LTE, Tethering, Hotspot | SIM with Instant Activation in 10 Minutes | KDDI, SoftBank | Tokyo, Osaka, Fukuoka,"", ""au (KDDI), SoftBank: [eSIM] Japan eSIM | 15DAYS 10GB | 5G, 4G/LTE, Tethering, Hotspot | SIM with Instant Activation in 10 Minutes | KDDI, SoftBank | Tokyo, Osaka, Fukuoka,"", ""au (KDDI), SoftBank: [eSIM] Japan eSIM | 15DAYS 10GB | 5G, 4G/LTE, Tethering, Hotspot | SIM with Instant Activation in 10 Minutes | KDDI, SoftBank | Tokyo, Osaka, Fukuoka,"", ""au (KDDI), SoftBank: Amazon.com: [eSIM] Japan eSIM | 15DAYS 10GB | 5G, 4G/LTE, Tethering, Hotspot | SIM with Instant Activation in 10 Minutes | KDDI, SoftBank | Tokyo, Osa""], ""review_count"": [""detail_page: 11 global ratings""], ""is_bestseller"": [""Best Sellers Rank #119,433 in Cell Phones & Accessories ( See Top 100 in Cell Phones & Accessories ) #264 in Cell Phone SIM Cards""], ""bestseller_rank"": [""Best Sellers Rank #119,433 in Cell Phones & Accessories ( See Top 100 in Cell Phones & Accessories ) #264 in Cell Phone SIM Cards""], ""title"": [""[eSIM] Japan eSIM | 15DAYS 10GB | 5G, 4G/LTE, Tethering, Hotspot | SIM with Instant Activation in 10 Minutes | KDDI, SoftBank | Tokyo, Osaka, Fukuoka, Sapporo | Travel with Ringsim""]}"
amazon_us,jp,TSIM Japan eSIM 20Day 10GB | eSIM QR Code Sent by Email Within 24Hrs of Shipping | Scan QR Code and use Immediately | Auto Activating | 5G Network with Tethering/Hotspot Sharing | Data Only No Voice.,9.99,9,,,,True,1194,1일,1일,20일,local,lte_4g_only,"{""docomo"": true, ""au"": null, ""softbank"": true, ""rakuten"": null}",10GB,https://www.amazon.com/TSIM-eSIM-10GB-Immediately-Activating/dp/B0DQQ3SNQX,B0DQQ3SNQX,B0DQQ3SNQX,TSIM Cards,Visit the TSIM Store,"{""price_usd"": [""$9.99""], ""usage_validity"": [""High Speed Data only eSIM for Japan! Key Notes: Please make sure your device is eSIM-compatible and unlocked before purchasing. If your device does not support eSIM, please purchas""], ""activation_validity"": [""TSIM Japan eSIM 20Day 10GB | eSIM QR Code Sent by Email Within 24Hrs of Shipping | Scan QR Code and use Immediately | Auto Activating | 5G Network with Tethering/Hotspot Sharing | ""], ""data_amount"": [""Model Number 20 Day 10GB""], ""network_type"": [""TSIM Prepaid USA SIM Card for Travel | Unlimited High Data, Unlimited Local Calls and Text for 30..."", ""TSIM Prepaid USA SIM Card for Travel | Unlimited High Data, Unlimited Local Calls and Text for 30..."", ""score: local=2, roaming=1""], ""network_generation"": [""product_info_cellular_4g_lte: source:product_info_cellular: Cellular Technology LTE"", ""product_info_cellular_4g_lte: source:product_info_cellular: Cellular Technology LTE""], ""carrier_support_local"": [""SoftBank: Service Provider SoftBank"", ""SoftBank: Japan Travel eSIM Card 10GB SoftBank 5G/4G LTE Data Only | Prepaid SIM | QR Code | High-Speed Data | Japan SIM | No Physical SIM Required | Nippon SIM"", ""NTT docomo: [eSIM] Japan eSIM 15 Days Data Only SIM | 10GB High-Speed 4G LTE + Unlimited Data at Reduced Speed | No Roaming Needed for Faster, Safer Access | Hots"", ""SoftBank: Japan Travel eSIM Card 10GB SoftBank 5G/4G LTE Data Only | Prepaid SIM | QR Code | High-Speed Data | Japan SIM | No Physical SIM Required | Nippon SIM"", ""NTT docomo: Japan SIM Card 30 Days Data Only | 10GB High-Speed 4G LTE + Unlimited Data at Reduced Speed | No Roaming Needed for Faster, Safer Access | Hotspot tet""], ""review_count"": [""detail_page: 9 global ratings""], ""is_bestseller"": [""Best Sellers Rank #654,073 in Cell Phones & Accessories ( See Top 100 in Cell Phones & Accessories ) #1,194 in Cell Phone SIM Cards""], ""bestseller_rank"": [""Best Sellers Rank #654,073 in Cell Phones & Accessories ( See Top 100 in Cell Phones & Accessories ) #1,194 in Cell Phone SIM Cards""], ""title"": [""TSIM Japan eSIM 20Day 10GB | eSIM QR Code Sent by Email Within 24Hrs of Shipping | Scan QR Code and use Immediately | Auto Activating | 5G Network with Tethering/Hotspot Sharing | Data Only No Voice.""]}"
amazon_us,jp,Japan Travel eSIM Card – 15 Day 15GB Prepaid Data Plan| 4G LTE High-Speed Data + Unlimited Slow Data | Hotspot Supported | Local Carrier | No Contract & SIM Card Needed | for Unlocked iOS & Android,13.89,7,,,,True,81,15일,15일,,local,lte_4g_only,"{""docomo"": true, ""au"": null, ""softbank"": null, ""rakuten"": null}",15GB,https://www.amazon.com/Japan-Travel-eSIM-Card-High-Speed/dp/B0F8PWQR9D,B0F8PWQR9D,B0F8PWQR9D,STAR VENTURE,Visit the generic Store,"{""price_usd"": [""$13.89""], ""usage_validity"": [""Japan Travel eSIM Card – 15 Day 15GB Prepaid Data Plan| 4G LTE High-Speed Data + Unlimited Slow Data | Hotspot Supported | Local Carrier | No Contract & SIM Card Needed | for Unloc""], ""data_amount"": [""15GB 15-days Japan eSIM: Enjoy a 15-day plan with 15GB of premium 4G LTE data on Japan's most reliable networks.Perfect for travelers and business professionals - supports mobile h""], ""network_type"": [""Japan Travel eSIM Card – 15 Day 15GB Prepaid Data Plan| 4G LTE High-Speed Data + Unlimited Slow Data | Hotspot Supported | Local Carrier | No Contract & SIM Card Needed | for Unloc"", ""Product description Previous page Next page 1 Fast eSIM Network 2 Apps Travel With You 3 Turn eSIM into WiFi 4 Snap QR, Get eSIM 5 Instant eSIM Activation Previous page Reliable 4G"", ""score: local=24, roaming=1""], ""network_generation"": [""product_info_cellular_4g_lte: source:product_info_cellular: Cellular Technology LTE"", ""product_info_cellular_4g_lte: source:product_info_cellular: Cellular Technology LTE""], ""carrier_support_local"": [""NTT docomo: Japan SIM Card 30 Days Data Only | 10GB High-Speed 4G LTE + Unlimited Data at Reduced Speed | No Roaming Needed for Faster, Safer Access | Hotspot tet""], ""review_count"": [""detail_page: 7 global ratings""], ""is_bestseller"": [""Best Sellers Rank #38,049 in Cell Phones & Accessories ( See Top 100 in Cell Phones & Accessories ) #81 in Cell Phone SIM Cards""], ""bestseller_rank"": [""Best Sellers Rank #38,049 in Cell Phones & Accessories ( See Top 100 in Cell Phones & Accessories ) #81 in Cell Phone SIM Cards""], ""title"": [""Japan Travel eSIM Card – 15 Day 15GB Prepaid Data Plan| 4G LTE High-Speed Data + Unlimited Slow Data | Hotspot Supported | Local Carrier | No Contract & SIM Card Needed | for Unlocked iOS & Android""]}"
amazon_us,jp,Japan eSIM 22.5GB 15-Day 5G LTE Hotspot No Physical SIM,21.99,31,,,,True,124,15일,15일,,unknown,5g_capable,"{""docomo"": true, ""au"": null, ""softbank"": true, ""rakuten"": null}",unlimited,https://www.amazon.com/WoWeSim-22-5GB-15-Day-Hotspot-Physical/dp/B0FR945VZZ,B0FR945VZZ,B0FR945VZZ,WoWeSim,Visit the WoWeSim Store,"{""price_usd"": [""$21.99""], ""usage_validity"": [""Japan eSIM 22.5GB 15-Day 5G LTE Hotspot No Physical SIM""], ""data_amount"": [""DAILY HIGH-SPEED DATA: Enjoy unlimited data per day for 10 days in China; ideal for short trips or business travel; stay connected for maps, social media, and messaging; prepaid eS""], ""network_type"": [""roaming_signal: DAILY HIGH-SPEED DATA: Enjoy unlimited data per day for 10 days in China; ideal for short trips or business travel; stay connected for maps, social media, and messaging; prepaid eS"", ""insufficient_or_conflicting_signals(local=0, roaming=-1)""], ""network_generation"": [""product_info_cellular_5g: source:product_info_cellular: Cellular Technology LTE/4G/5G"", ""product_info_cellular_5g: source:product_info_cellular: Cellular Technology LTE/4G/5G"", ""product_info_cellular_4g_lte_signal_present_but_5g_capable_takes_precedence""], ""carrier_support_local"": [""NTT docomo: [eSIM] Japan eSIM 180 Days Data Only SIM | 15GB High-Speed 4G LTE + Unlimited Data at Reduced Speed | No Roaming Needed for Faster, Safer Access | Hot"", ""SoftBank: Japan Travel eSIM Card 10GB SoftBank 5G/4G LTE Data Only | Prepaid SIM | QR Code | High-Speed Data | Japan SIM | No Physical SIM Required | Nippon SIM""], ""review_count"": [""detail_page: 31 global ratings""], ""is_bestseller"": [""Best Sellers Rank #56,567 in Cell Phones & Accessories ( See Top 100 in Cell Phones & Accessories ) #124 in Cell Phone SIM Cards""], ""bestseller_rank"": [""Best Sellers Rank #56,567 in Cell Phones & Accessories ( See Top 100 in Cell Phones & Accessories ) #124 in Cell Phone SIM Cards""], ""title"": [""Japan eSIM 22.5GB 15-Day 5G LTE Hotspot No Physical SIM""]}"
amazon_us,jp,"Asia eSIM 11 Countries | 10 Days Unlimited Data in China, HK, Indonesia, Japan, Macao, Malaysia, Singapore, South Korea, Taiwan, Thailand, Vietnam | Get QR Code in 24 Hours | Auto Activation",14.99,14,,,,True,68,10일,10일,,unknown,5g_capable,"{""docomo"": null, ""au"": true, ""softbank"": true, ""rakuten"": null}",unlimited,https://www.amazon.com/Asia-10-Days-Unlimited-Activation/dp/B0H9MG2Z1B,B0H9MG2Z1B,B0H9MG2Z1B,TSIM Cards,Visit the TSIM Store,"{""price_usd"": [""$14.99""], ""usage_validity"": [""Asia eSIM 11 Countries | 10 Days Unlimited Data in China, HK, Indonesia, Japan, Macao, Malaysia, Singapore, South Korea, Taiwan, Thailand, Vietnam | Get QR Code in 24 Hours | Auto ""], ""data_amount"": [""📶 UNLIMITED DATA eSIM + HOTSPOT: No need to estimate your data requirement. This 10-day eSIM provides 3GB every day at super speed, then unlimited data at 1MBPS for the rest of the""], ""network_type"": [""local_signal: TSIM Prepaid USA SIM Card for Travel | Unlimited High Data, Unlimited Local Calls and Text for 30..."", ""roaming_signal: ✅ AUTO ACTIVATION: Validity starts when you first connect to a supported mobile network in Asia, so it is safe to install before you travel. Turn on data roaming upon arrival. 🎧 Ge"", ""insufficient_or_conflicting_signals(local=2, roaming=4)""], ""network_generation"": [""product_info_cellular_5g: source:product_info_cellular: Cellular Technology 5G/4G/LTE"", ""product_info_cellular_5g: source:product_info_cellular: Cellular Technology 5G/4G/LTE"", ""product_info_cellular_4g_lte_signal_present_but_5g_capable_takes_precedence""], ""carrier_support_local"": [""au (KDDI), SoftBank: Product description Asia Unlimited eSIM One eSIM for all your Asia Travels Asia Unlimited eSIM Coverage in 11 Asian Countries! Coverage: China, Hong K"", ""au (KDDI): Japan Travel eSIM Card 10 Days Unlimited KDDI 5G/4G Data Only | Prepaid SIM | QR Code | High-Speed Data | Japan SIM | No Physical SIM Required | Nippo""], ""review_count"": [""detail_page: 14 global ratings""], ""is_bestseller"": [""Best Sellers Rank #34,975 in Cell Phones & Accessories ( See Top 100 in Cell Phones & Accessories ) #68 in Cell Phone SIM Cards""], ""bestseller_rank"": [""Best Sellers Rank #34,975 in Cell Phones & Accessories ( See Top 100 in Cell Phones & Accessories ) #68 in Cell Phone SIM Cards""], ""title"": [""Asia eSIM 11 Countries | 10 Days Unlimited Data in China, HK, Indonesia, Japan, Macao, Malaysia, Singapore, South Korea, Taiwan, Thailand, Vietnam | Get QR Code in 24 Hours | Auto Activation""]}"
amazon_us,jp,TSIM Japan eSIM 30Day 20GB | eSIM QR Code Sent by Email Within 24Hrs of Shipping | Scan QR Code and use Immediately | Auto Activating | 5G Network with Tethering/Hotspot Sharing | Data Only No Voice.,19.99,10,,,,True,775,1일,1일,30일,unknown,lte_4g_only,"{""docomo"": null, ""au"": true, ""softbank"": true, ""rakuten"": null}",20GB,https://www.amazon.com/TSIM-eSIM-20GB-Immediately-Activating/dp/B0DQQ3WS2Z,B0DQQ3WS2Z,B0DQQ3WS2Z,TSIM Cards,Visit the TSIM Store,"{""price_usd"": [""$19.99""], ""usage_validity"": [""High Speed Data only eSIM for Japan! Key Notes: Please make sure your device is eSIM-compatible and unlocked before purchasing. If your device does not support eSIM, please purchas""], ""activation_validity"": [""TSIM Japan eSIM 30Day 20GB | eSIM QR Code Sent by Email Within 24Hrs of Shipping | Scan QR Code and use Immediately | Auto Activating | 5G Network with Tethering/Hotspot Sharing | ""], ""data_amount"": [""🛜 Japan eSIM Card with 20GB 5G/4G/LTE Data. Hotspot / Tethering / Internet Sharing allowed""], ""network_type"": [""local_signal: TSIM Prepaid USA SIM Card for Travel | Unlimited High Data, Unlimited Local Calls and Text for 30..."", ""roaming_signal: High Speed Data only eSIM for Japan! Key Notes: Please make sure your device is eSIM-compatible and unlocked before purchasing. If your device does not support eSIM, please purchas"", ""insufficient_or_conflicting_signals(local=2, roaming=3)""], ""network_generation"": [""product_info_cellular_4g_lte: source:product_info_cellular: Cellular Technology LTE"", ""product_info_cellular_4g_lte: source:product_info_cellular: Cellular Technology LTE""], ""carrier_support_local"": [""SoftBank: Service Provider SoftBank"", ""au (KDDI): Japan Travel eSIM Card 7 Days Unlimited KDDI 5G/4G Data Only | Prepaid SIM | QR Code | High-Speed Data | Japan SIM | No Physical SIM Required | Nippon""], ""review_count"": [""detail_page: 10 global ratings""], ""is_bestseller"": [""Best Sellers Rank #362,777 in Cell Phones & Accessories ( See Top 100 in Cell Phones & Accessories ) #775 in Cell Phone SIM Cards""], ""bestseller_rank"": [""Best Sellers Rank #362,777 in Cell Phones & Accessories ( See Top 100 in Cell Phones & Accessories ) #775 in Cell Phone SIM Cards""], ""title"": [""TSIM Japan eSIM 30Day 20GB | eSIM QR Code Sent by Email Within 24Hrs of Shipping | Scan QR Code and use Immediately | Auto Activating | 5G Network with Tethering/Hotspot Sharing | Data Only No Voice.""]}"
amazon_us,jp,Japan Travel eSIM Card 10GB SoftBank 5G/4G LTE Data Only | Prepaid SIM,19.99,9,,,,True,348,30일,30일,60일,unknown,lte_4g_only,"{""docomo"": true, ""au"": true, ""softbank"": true, ""rakuten"": null}",10GB,https://www.amazon.com/Japan-Travel-SoftBank-Prepaid-SIM/dp/B0GR9C73YH,B0GR9C73YH,B0GR9C73YH,DHA Corporation Co. Ltd,Visit the Nippon SIM Store,"{""price_usd"": [""$19.99""], ""usage_validity"": [""Prepaid SIM Card: US Data Only 1GB/30Days 5G/4G LTE | Suit for Unlocked Security Ca...""], ""activation_validity"": [""【Activation Period】Please activate the eSIM within 60 days of purchase. The validity period starts from the first data connection and expires on the expiration date.""], ""data_amount"": [""【SoftBank High-Speed Data】Enjoy up to 10GB of high-speed 5G/4G LTE data on the SoftBank network in Japan. Service ends when the data allowance is exhausted.""], ""network_type"": [""insufficient_or_conflicting_signals(local=0, roaming=-2)""], ""network_generation"": [""product_info_cellular_4g_lte: source:product_info_cellular: Cellular Technology LTE"", ""product_info_cellular_4g_lte: source:product_info_cellular: Cellular Technology LTE""], ""carrier_support_local"": [""SoftBank: 【SoftBank High-Speed Data】Enjoy up to 10GB of high-speed 5G/4G LTE data on the SoftBank network in Japan. Service ends when the data allowance is exha"", ""SoftBank: 【SoftBank High-Speed Data】Enjoy up to 10GB of high-speed 5G/4G LTE data on the SoftBank network in Japan. Service ends when the data allowance is exha"", ""SoftBank: Service Provider SoftBank"", ""SoftBank: Amazon.com: Japan Travel eSIM Card 10GB SoftBank 5G/4G LTE Data Only | Prepaid SIM | QR Code | High-Speed Data | Japan SIM | No Physical SIM Required "", ""SoftBank: Japan Travel eSIM Card 10GB SoftBank 5G/4G LTE Data Only | Prepaid SIM | QR Code | High-Speed Data | Japan SIM | No Physical SIM Required | Nippon SIM"", ""NTT docomo: Japan SIM Card 30 Days Data Only | 50GB High-Speed 4G LTE + Unlimited Data at Reduced Speed | No Roaming Needed for Faster, Safer Access | Hotspot tet"", ""SoftBank: Japan Travel eSIM Card 10GB SoftBank 5G/4G LTE Data Only | Prepaid SIM"", ""NTT docomo: Japan SIM Card 30 Days Data Only | 10GB High-Speed 4G LTE + Unlimited Data at Reduced Speed | No Roaming Needed for Faster, Safer Access | Hotspot tet"", ""SoftBank: Japan Travel eSIM Card 10GB SoftBank 5G/4G LTE Data Only | Prepaid SIM"", ""au (KDDI), SoftBank: Amazon.com: Japan Travel eSIM Card 10GB SoftBank 5G/4G LTE Data Only | Prepaid SIM | QR Code | High-Speed Data | Japan SIM | No Physical SIM Required ""], ""review_count"": [""detail_page: 9 global ratings""], ""is_bestseller"": [""Best Sellers Rank #156,539 in Cell Phones & Accessories ( See Top 100 in Cell Phones & Accessories ) #348 in Cell Phone SIM Cards""], ""bestseller_rank"": [""Best Sellers Rank #156,539 in Cell Phones & Accessories ( See Top 100 in Cell Phones & Accessories ) #348 in Cell Phone SIM Cards""], ""title"": [""Japan Travel eSIM Card 10GB SoftBank 5G/4G LTE Data Only | Prepaid SIM""]}"
amazon_us,jp,"Japan eSIM Card 15GB 15Days, 1GB/Daily High-Speed 4G Data",29.99,31,,,,True,1547,1일,1일,15일,roaming,5g_capable,"{""docomo"": null, ""au"": null, ""softbank"": true, ""rakuten"": null}",1GB/day,https://www.amazon.com/SignalFi-High-Speed-Prepaid-Activation-Unlocked/dp/B0G6YWC96Z,B0G6YWC96Z,B0G6YWC96Z,SignalFidata,Brand: SIGNALFI,"{""price_usd"": [""$29.99""], ""usage_validity"": [""Product description Previous page Next page 1 Installation Steps 2 Important Notice 3 Destination Steps 1 4 Destination Steps 2 When will I receive my eSIM? After placing your orde""], ""activation_validity"": [""Japan eSIM Card 15GB 15Days, 1GB/Daily High-Speed 4G Data""], ""data_amount"": [""15GB 15 Days, 1GB per Day: Includes a total of 15GB of 4G LTE data, with a daily allowance of 1GB, valid for 15 days. This data-only eSIM Korea plan works as a prepaid data plan an""], ""network_type"": [""Product description Previous page Next page 1 Installation Steps 2 Important Notice 3 Destination Steps 1 4 Destination Steps 2 When will I receive my eSIM? After placing your orde"", ""score: local=1, roaming=3""], ""network_generation"": [""product_info_cellular_5g: source:product_info_cellular: Cellular Technology 5g/4g Lte"", ""product_info_cellular_5g: source:product_info_cellular: Cellular Technology 5g/4g Lte""], ""carrier_support_local"": [""SoftBank: Japan Travel eSIM Card 10GB SoftBank 5G/4G LTE Data Only | Prepaid SIM | QR Code | High-Speed Data | Japan SIM | No Physical SIM Required | Nippon SIM""], ""review_count"": [""detail_page: 31""], ""is_bestseller"": [""Best Sellers Rank #1,082,120 in Cell Phones & Accessories ( See Top 100 in Cell Phones & Accessories ) #1,547 in Cell Phone SIM Cards""], ""bestseller_rank"": [""Best Sellers Rank #1,082,120 in Cell Phones & Accessories ( See Top 100 in Cell Phones & Accessories ) #1,547 in Cell Phone SIM Cards""], ""title"": [""Japan eSIM Card 15GB 15Days, 1GB/Daily High-Speed 4G Data""]}"
amazon_us,jp,"Japan SIM Card 15 Days Data Only | 10GB High-Speed 4G LTE + Unlimited Data at Reduced Speed | No Roaming Needed for Faster, Safer Access | Hotspot tethering Supported | Docomo Network | Made in Japan",15.9,104,,,50,True,25,15일,15일,,local,lte_4g_only,"{""docomo"": true, ""au"": true, ""softbank"": true, ""rakuten"": null}",10GB,https://www.amazon.com/Nippon-SIM-Days-10GB-%E7%9F%AD%E6%9C%9F%E5%B8%B0%E5%9B%BD%E3%83%BB%E7%9F%AD%E6%9C%9F%E6%9D%A5%E6%97%A5%E6%9C%80%E9%81%A9/dp/B0D4DJFMT7,B0D4DJFMT7,B0D4DJFMT7,DHA Corporation Co. Ltd,Visit the Nippon SIM Store,"{""price_usd"": [""$15.90""], ""usage_validity"": [""Japan SIM Card 15 Days Data Only | 10GB High-Speed 4G LTE + Unlimited Data at Reduced Speed | No Roaming Needed for Faster, Safer Access | Hotspot tethering Supported | Docomo Netw""], ""data_amount"": [""【10GB LTE data, 15days use with docomo network】10GB for normal usage, you can tethering with PC/notebooks for work!! 15days for short-term visitors, locals returning to Japan!! Uti""], ""network_type"": [""【Product Package】Package comes with a Docomo Full MVNO SIM card (tri-cut SIM card supporting Standard / Micro / nano size), 3 languages manual (English / Chinese / Japanese) , SIM "", ""【Made in Japan and Pease of mind Japan local supports】This product is produced by DHA Corporation, a Japan local MVNO carrier (telco registration no: A-30-16419) We design and prod"", ""score: local=14, roaming=1""], ""network_generation"": [""product_detail_4g_lte: source:feature_bullets: 【10GB LTE data, 15days use with docomo network】10GB for normal usage, you can tethering with PC/notebooks for work!! 15days for short-term visitors, locals "", ""product_detail_4g_lte: source:feature_bullets: 【Applicable products】Support SIM Free device including iPhone (except US version after iPhone 14 which supports only eSIM, please check eSIM B0DTK4P2DZ), iP""], ""carrier_support_local"": [""NTT docomo: 【10GB LTE data, 15days use with docomo network】10GB for normal usage, you can tethering with PC/notebooks for work!! 15days for short-term visitors, l"", ""NTT docomo: 【Product Package】Package comes with a Docomo Full MVNO SIM card (tri-cut SIM card supporting Standard / Micro / nano size), 3 languages manual (Englis"", ""NTT docomo: Product description Japan SIM Card – Faster, Safer, and More Reliable Connect instantly with a Japan Local Network (IP Address) — no roaming required."", ""NTT docomo: Amazon.com: Japan SIM Card 15 Days Data Only | 10GB High-Speed 4G LTE + Unlimited Data at Reduced Speed | No Roaming Needed for Faster, Safer Access |"", ""NTT docomo: Japan SIM Card 15 Days Data Only | 10GB High-Speed 4G LTE + Unlimited Data at Reduced Speed | No Roaming Needed for Faster, Safer Access | Hotspot tet"", ""NTT docomo: Japan Data ONLY SIM Card 15 Days | Unlimited Internet Data (10GB at 4G LTE High Speed Data Then downgrade to 128kbps) |Docomo"", ""SoftBank: Japan Travel eSIM Card 10GB SoftBank 5G/4G LTE Data Only | Prepaid SIM | QR Code | High-Speed Data | Japan SIM | No Physical SIM Required | Nippon SIM"", ""NTT docomo: Japan SIM Card 15 Days Data Only | 10GB High-Speed 4G LTE + Unlimited Data at Reduced Speed | No Roaming Needed for Faster, Safer Access | Hotspot tet"", ""au (KDDI): Japan Travel eSIM Card 7 Days Unlimited KDDI 5G/4G Data Only | Prepaid SIM | QR Code | High-Speed Data | Japan SIM | No Physical SIM Required | Nippon"", ""NTT docomo: Japan SIM Card 15 Days Data Only | 10GB High-Speed 4G LTE + Unlimited Data at Reduced Speed | No Roaming Needed for Faster, Safer Access | Hotspot tet"", ""NTT docomo: Amazon.com: Japan SIM Card 15 Days Data Only | 10GB High-Speed 4G LTE + Unlimited Data at Reduced Speed | No Roaming Needed for Faster, Safer Access |""], ""monthly_sold_count"": [""search_result_fallback: 50""], ""review_count"": [""detail_page: 104 global ratings""], ""is_bestseller"": [""Best Sellers Rank #15,473 in Cell Phones & Accessories ( See Top 100 in Cell Phones & Accessories ) #25 in Cell Phone SIM Cards""], ""bestseller_rank"": [""Best Sellers Rank #15,473 in Cell Phones & Accessories ( See Top 100 in Cell Phones & Accessories ) #25 in Cell Phone SIM Cards""], ""title"": [""Japan SIM Card 15 Days Data Only | 10GB High-Speed 4G LTE + Unlimited Data at Reduced Speed | No Roaming Needed for Faster, Safer Access | Hotspot tethering Supported | Docomo Network | Made in Japan""]}"
amazon_us,jp,Asia eSIM Card 10 Countries 30 Days 10GB Japan Compatible 5G/4G | Data Only,19.99,4,,,,True,249,30일,30일,,roaming,lte_4g_only,"{""docomo"": null, ""au"": true, ""softbank"": true, ""rakuten"": null}",10GB,https://www.amazon.com/Asia-Countries-10GB-Japan-Compatible/dp/B0H1W8TTN3,B0H1W8TTN3,B0H1W8TTN3,DHA Corporation Co. Ltd,Visit the DHA SIM Store,"{""price_usd"": [""$19.99""], ""usage_validity"": [""Asia eSIM Card 10 Countries 30 Days 10GB Japan Compatible 5G/4G | Data Only""], ""data_amount"": [""【Coverage】10 Asian Countries Supported【Data Allowance】10GB""], ""network_type"": [""Cheaper than roaming costs"", ""Cheaper than roaming costs"", ""score: local=0, roaming=3""], ""network_generation"": [""product_info_cellular_4g_lte: source:product_info_cellular: Cellular Technology LTE"", ""product_info_cellular_4g_lte: source:product_info_cellular: Cellular Technology LTE""], ""carrier_support_local"": [""au (KDDI): 【Supported Network Carriers】Japan: KDDI 5G/4G、South Korea: LG U+ 5G/4G/3G、Taiwan: Chunghwa Telecom 5G/4G/3G、China: China Mobile 5G/4G/3G、Hong Kong: CM"", ""SoftBank: Japan Travel eSIM Card 10GB SoftBank 5G/4G LTE Data Only | Prepaid SIM | QR Code | High-Speed Data | Japan SIM | No Physical SIM Required | Nippon SIM""], ""review_count"": [""detail_page: 4 global ratings""], ""is_bestseller"": [""Best Sellers Rank #113,102 in Cell Phones & Accessories ( See Top 100 in Cell Phones & Accessories ) #249 in Cell Phone SIM Cards""], ""bestseller_rank"": [""Best Sellers Rank #113,102 in Cell Phones & Accessories ( See Top 100 in Cell Phones & Accessories ) #249 in Cell Phone SIM Cards""], ""title"": [""Asia eSIM Card 10 Countries 30 Days 10GB Japan Compatible 5G/4G | Data Only""]}"
amazon_us,jp,Japan eSIM 30 Days 30GB | Auto Activating | 5G DOCOMO Network with Tethering/Hotspot/Internet Sharing,21.99,1,,,,True,879,30일,30일,,local,lte_4g_only,"{""docomo"": true, ""au"": null, ""softbank"": null, ""rakuten"": null}",unlimited,https://www.amazon.com/eSIM-30-Days-30GB-Activating/dp/B0CT5JX18H,B0CT5JX18H,B0CT5JX18H,TSIM Cards,Visit the TSIM Store,"{""price_usd"": [""$21.99""], ""usage_validity"": [""Japan eSIM 30 Days 30GB | Auto Activating | 5G DOCOMO Network with Tethering/Hotspot/Internet Sharing""], ""data_amount"": [""📶 Japan eSIM Card with unlimited 5G/4G/LTE Data. After allowance speed drops to 128kbps till end of validity. Hotspot / Tethering / Internet Sharing allowed""], ""network_type"": [""TSIM Prepaid USA SIM Card for Travel | Unlimited High Data, Unlimited Local Calls and Text for 30..."", ""TSIM Prepaid USA SIM Card for Travel | Unlimited High Data, Unlimited Local Calls and Text for 30..."", ""score: local=2, roaming=0""], ""network_generation"": [""product_info_cellular_4g_lte: source:product_info_cellular: Cellular Technology LTE"", ""product_info_cellular_4g_lte: source:product_info_cellular: Cellular Technology LTE""], ""carrier_support_local"": [""NTT docomo: Service Provider NTT DOCOMO"", ""NTT docomo: Amazon.com: Japan eSIM 30 Days 30GB | Auto Activating | 5G DOCOMO Network with Tethering/Hotspot/Internet Sharing : Cell Phones & Accessories"", ""NTT docomo: Japan eSIM 30 Days 30GB | Auto Activating | 5G DOCOMO Network with Tethering/Hotspot/Internet Sharing"", ""NTT docomo: Japan eSIM 30 Days 30GB | Auto Activating | 5G DOCOMO Network with Tethering/Hotspot/Internet Sharing"", ""NTT docomo: Japan SIM Card 30 Days Data Only | 50GB High-Speed 4G LTE + Unlimited Data at Reduced Speed | No Roaming Needed for Faster, Safer Access | Hotspot tet"", ""NTT docomo: Japan eSIM 30 Days 30GB | Auto Activating | 5G DOCOMO Network with Tethering/Hotspot/Internet Sharing"", ""NTT docomo: Amazon.com: Japan eSIM 30 Days 30GB | Auto Activating | 5G DOCOMO Network with Tethering/Hotspot/Internet Sharing : Cell Phones & Accessories Skip to ""], ""review_count"": [""detail_page: 1 global rating""], ""is_bestseller"": [""Best Sellers Rank #429,386 in Cell Phones & Accessories ( See Top 100 in Cell Phones & Accessories ) #879 in Cell Phone SIM Cards""], ""bestseller_rank"": [""Best Sellers Rank #429,386 in Cell Phones & Accessories ( See Top 100 in Cell Phones & Accessories ) #879 in Cell Phone SIM Cards""], ""title"": [""Japan eSIM 30 Days 30GB | Auto Activating | 5G DOCOMO Network with Tethering/Hotspot/Internet Sharing""]}"
amazon_us,jp,TSIM Japan eSIM 10Day 5GB | eSIM QR Code Sent by Email Within 24Hrs of Shipping | Scan QR Code and use Immediately | Auto Activating | 5G Network with Tethering/Hotspot Sharing | Data Only No Voice.,5.99,8,,,,True,805,1일,1일,10일,local,lte_4g_only,"{""docomo"": true, ""au"": true, ""softbank"": true, ""rakuten"": null}",5GB,https://www.amazon.com/TSIM-eSIM-5GB-Immediately-Activating/dp/B0DQQ56N3H,B0DQQ56N3H,B0DQQ56N3H,TSIM Cards,Visit the TSIM Store,"{""price_usd"": [""$5.99""], ""usage_validity"": [""High Speed Data only eSIM for Japan! Key Notes: Please make sure your device is eSIM-compatible and unlocked before purchasing. If your device does not support eSIM, please purchas""], ""activation_validity"": [""TSIM Japan eSIM 10Day 5GB | eSIM QR Code Sent by Email Within 24Hrs of Shipping | Scan QR Code and use Immediately | Auto Activating | 5G Network with Tethering/Hotspot Sharing | D""], ""data_amount"": [""🛜 Japan eSIM Card with 5GB 5G/4G/LTE Data. Hotspot / Tethering / Internet Sharing allowed""], ""network_type"": [""TSIM Prepaid USA SIM Card for Travel | Unlimited High Data, Unlimited Local Calls and Text for 30..."", ""TSIM Prepaid USA SIM Card for Travel | Unlimited High Data, Unlimited Local Calls and Text for 30..."", ""score: local=2, roaming=1""], ""network_generation"": [""product_info_cellular_4g_lte: source:product_info_cellular: Cellular Technology LTE"", ""product_info_cellular_4g_lte: source:product_info_cellular: Cellular Technology LTE""], ""carrier_support_local"": [""SoftBank: Service Provider SoftBank"", ""SoftBank: Hello Japan Travel eSIM 15GB 30 Days | Data Only High Speed 5G + Easy Setup | No app or email registration, SoftBank 5G/4G LT"", ""SoftBank: Hello Japan Travel eSIM 15GB 30 Days | Data Only High Speed 5G + Easy Setup | No app or email registration, SoftBank 5G/4G LTE, Hotspot & Tethering, N"", ""NTT docomo: [eSIM] Japan eSIM 15 Days Data Only SIM | 10GB High-Speed 4G LTE + Unlimited Data at Reduced Speed | No Roaming Needed for Faster, Safer Access | Hots"", ""au (KDDI), SoftBank: [eSIM] Japan eSIM | 30DAYS 10GB | 5G, 4G/LTE, Tethering, Hotspot | SIM with Instant Activation in 10 Minutes | KDDI, SoftBank | Tokyo, Osaka, Fukuoka,"", ""au (KDDI): 【JP Smart SIM】 eSIM for Japan (Data-only, no Call/SMS) | 15 Days 2GB/Day |【KDDI/Sof..."", ""NTT docomo: 【JP Smart SIM】 eSIM for Japan (Data-only, no Call/SMS) | 15 Days 10 GB | IIJ Docomo..."", ""NTT docomo: Japan SIM Card 180 Days Data Only | 30GB High-Speed 4G LTE + Unlimited Data at Reduced Speed | No Roaming Needed for Faster, Safer Access | Hotspot te""], ""review_count"": [""detail_page: 8 global ratings""], ""is_bestseller"": [""Best Sellers Rank #383,989 in Cell Phones & Accessories ( See Top 100 in Cell Phones & Accessories ) #805 in Cell Phone SIM Cards""], ""bestseller_rank"": [""Best Sellers Rank #383,989 in Cell Phones & Accessories ( See Top 100 in Cell Phones & Accessories ) #805 in Cell Phone SIM Cards""], ""title"": [""TSIM Japan eSIM 10Day 5GB | eSIM QR Code Sent by Email Within 24Hrs of Shipping | Scan QR Code and use Immediately | Auto Activating | 5G Network with Tethering/Hotspot Sharing | Data Only No Voice.""]}"
amazon_us,jp,Japan eSIM 15GB 5-Day 5G LTE Hotspot No Physical SIM,14.99,31,,,,True,124,5일,5일,,unknown,5g_capable,"{""docomo"": true, ""au"": true, ""softbank"": true, ""rakuten"": null}",unlimited,https://www.amazon.com/WoWeSim-Japan-5-Day-Hotspot-Physical/dp/B0FR9662QQ,B0FR9662QQ,B0FR9662QQ,WoWeSim,Visit the WoWeSim Store,"{""price_usd"": [""$14.99""], ""usage_validity"": [""Japan eSIM 15GB 5-Day 5G LTE Hotspot No Physical SIM""], ""data_amount"": [""DAILY HIGH-SPEED DATA: Enjoy unlimited data per day for 10 days in China; ideal for short trips or business travel; stay connected for maps, social media, and messaging; prepaid eS""], ""network_type"": [""roaming_signal: DAILY HIGH-SPEED DATA: Enjoy unlimited data per day for 10 days in China; ideal for short trips or business travel; stay connected for maps, social media, and messaging; prepaid eS"", ""insufficient_or_conflicting_signals(local=0, roaming=-1)""], ""network_generation"": [""product_info_cellular_5g: source:product_info_cellular: Cellular Technology LTE/4G/5G"", ""product_info_cellular_5g: source:product_info_cellular: Cellular Technology LTE/4G/5G"", ""product_info_cellular_4g_lte_signal_present_but_5g_capable_takes_precedence""], ""carrier_support_local"": [""SoftBank: Hello Japan Travel eSIM 15GB 20 Days | Data Only High Speed 5G + Easy Setup | No app or email registration, SoftBank 5G/4G LTE, Hotspot & Tethering, N"", ""SoftBank: Hello Japan Travel eSIM 15GB 30 Days | Data Only High Speed 5G + Easy Setup | No app or email registration, SoftBank 5G/4G LTE, Hotspot & Tethering, N"", ""SoftBank: Japan Travel eSIM Card 10GB SoftBank 5G/4G LTE Data Only | Prepaid SIM | QR Code | High-Speed Data | Japan SIM | No Physical SIM Required | Nippon SIM"", ""NTT docomo: Japan SIM Card 15 Days Data Only | Daily 2GB High-Speed 4G LTE + Unlimited Data at Reduced Speed | No Roaming Needed for Faster, Safer Access | Hotspo"", ""au (KDDI): Japan Travel eSIM Card 7 Days Unlimited KDDI 5G/4G Data Only | Prepaid SIM | QR Code | High-Speed Data | Japan SIM | No Physical SIM Required | Nippon""], ""review_count"": [""detail_page: 31 global ratings""], ""is_bestseller"": [""Best Sellers Rank #56,567 in Cell Phones & Accessories ( See Top 100 in Cell Phones & Accessories ) #124 in Cell Phone SIM Cards""], ""bestseller_rank"": [""Best Sellers Rank #56,567 in Cell Phones & Accessories ( See Top 100 in Cell Phones & Accessories ) #124 in Cell Phone SIM Cards""], ""title"": [""Japan eSIM 15GB 5-Day 5G LTE Hotspot No Physical SIM""]}"
amazon_us,jp,Japan eSIM Unlimited 15-Day 5G LTE Hotspot No Physical SIM,25.99,31,,,,True,124,15일,15일,,unknown,5g_capable,"{""docomo"": true, ""au"": true, ""softbank"": true, ""rakuten"": null}",unlimited,https://www.amazon.com/WoWeSim-Unlimited-15-Day-Hotspot-Physical/dp/B0FR8V9B4L,B0FR8V9B4L,B0FR8V9B4L,WoWeSim,Visit the WoWeSim Store,"{""price_usd"": [""$25.99""], ""usage_validity"": [""Japan eSIM Unlimited 15-Day 5G LTE Hotspot No Physical SIM""], ""data_amount"": [""DAILY HIGH-SPEED DATA: Enjoy unlimited data per day for 10 days in China; ideal for short trips or business travel; stay connected for maps, social media, and messaging; prepaid eS""], ""network_type"": [""roaming_signal: DAILY HIGH-SPEED DATA: Enjoy unlimited data per day for 10 days in China; ideal for short trips or business travel; stay connected for maps, social media, and messaging; prepaid eS"", ""insufficient_or_conflicting_signals(local=0, roaming=-1)""], ""network_generation"": [""product_info_cellular_5g: source:product_info_cellular: Cellular Technology LTE/4G/5G"", ""product_info_cellular_5g: source:product_info_cellular: Cellular Technology LTE/4G/5G"", ""product_info_cellular_4g_lte_signal_present_but_5g_capable_takes_precedence""], ""carrier_support_local"": [""au (KDDI): Japan Travel eSIM Card 10 Days Unlimited KDDI 5G/4G Data Only | Prepaid SIM | QR Code | High-Speed Data | Japan SIM | No Physical SIM Required | Nippo"", ""NTT docomo: [eSIM] Japan eSIM 30 Days Data Only SIM | 50GB High-Speed 4G LTE + Unlimited Data at Reduced Speed | No Roaming Needed for Faster, Safer Access | Hots"", ""NTT docomo: Japan SIM Card 180 Days Data Only | 50GB High-Speed 4G LTE + Unlimited Data at Reduced Speed | No Roaming Needed for Faster, Safer Access | Hotspot te"", ""SoftBank: Hello Japan Travel eSIM 15GB 30 Days | Data Only High Speed 5G + Easy Setup | No app or email registration, SoftBank 5G/4G LTE, Hotspot & Tethering, N""], ""review_count"": [""detail_page: 31 global ratings""], ""is_bestseller"": [""Best Sellers Rank #56,567 in Cell Phones & Accessories ( See Top 100 in Cell Phones & Accessories ) #124 in Cell Phone SIM Cards""], ""bestseller_rank"": [""Best Sellers Rank #56,567 in Cell Phones & Accessories ( See Top 100 in Cell Phones & Accessories ) #124 in Cell Phone SIM Cards""], ""title"": [""Japan eSIM Unlimited 15-Day 5G LTE Hotspot No Physical SIM""]}"
amazon_us,jp,eSIM Japan 15 Days | Japan SIM Card Unlimited Data with Total 10GB High-Speed | Instant QR Delivery | Docomo/SoftBank Network | Japanese Sim Card | Easy Setup for iPhone & Android,15.99,1690,,,,True,270,15일,15일,30일,unknown,unknown,"{""docomo"": true, ""au"": true, ""softbank"": true, ""rakuten"": null}",10GB,https://www.amazon.com/15-Days-Unlimited-High-Speed-Delivery/dp/B0F925TC7M,B0F925TC7M,B0F925TC7M,Jethro Trading Ltd.,Visit the JETSIM Store,"{""price_usd"": [""$15.99""], ""usage_validity"": [""eSIM Japan 15 Days | Japan SIM Card Unlimited Data with Total 10GB High-Speed | Instant QR Delivery | Docomo/SoftBank Network | Japanese Sim Card | Easy Setup for iPhone & Android""], ""activation_validity"": [""Product description Can I use my eSIM immediately after purchase? Yes. Simply submit the claim form, and we will deliver your eSIM to your email right away. Do I need to activate m""], ""data_amount"": [""[Fast & Reliable Data] 10GB high-speed + unlimited basic data for 15 days—ideal for maps, social media, and emails.""], ""network_type"": [""roaming_signal: Product description Can I use my eSIM immediately after purchase? Yes. Simply submit the claim form, and we will deliver your eSIM to your email right away. Do I need to activate m"", ""insufficient_or_conflicting_signals(local=0, roaming=1)""], ""network_generation"": [""fallback_5g: source:image_alt: Ultra Mobile 4GB Prepaid SIM Kit, 1-Month Plan on the T-Mobile 5G Network | Unlimited calling to 90+ international destinations, U.S. talk, global text, hotspot, "", ""fallback_4g_lte: source:image_alt: Ultra Mobile 4GB Prepaid SIM Kit, 1-Month Plan on the T-Mobile 5G Network | Unlimited calling to 90+ international destinations, U.S. talk, global text, hotspot, "", ""fallback_only_network_generation_signal""], ""carrier_support_local"": [""NTT docomo, SoftBank: Amazon.com: JetSim eSIM Japan 15 Days | Japan SIM Card Unlimited Data with Total 10GB High-Speed | Instant QR Delivery | Docomo/SoftBank Network | Jap"", ""NTT docomo, SoftBank: JetSim eSIM Japan 15 Days | Japan SIM Card Unlimited Data with Total 10GB High-Speed | Instant QR Delivery | Docomo/SoftBank Network | Japanese Sim Ca"", ""NTT docomo: Japan SIM Card 30 Days Data Only | 10GB High-Speed 4G LTE + Unlimited Data at Reduced Speed | No Roaming Needed for Faster, Safer Access | Hotspot tet"", ""au (KDDI): Japan Travel eSIM Card 7 Days Unlimited KDDI 5G/4G Data Only | Prepaid SIM | QR Code | High-Speed Data | Japan SIM | No Physical SIM Required | Nippon"", ""NTT docomo, SoftBank: JetSim eSIM Japan 15 Days | Japan SIM Card Unlimited Data with Total 10GB High-Speed | Instant QR Delivery | Docomo/SoftBank Network | Japanese Sim Ca"", ""au (KDDI): Japan Travel eSIM Card 7 Days Unlimited KDDI 5G/4G Data Only | Prepaid SIM | QR Code | High-Speed Data | Japan SIM | No Physical SIM Required | Nippon"", ""NTT docomo, SoftBank: JetSim eSIM Japan 15 Days | Japan SIM Card Unlimited Data with Total 10GB High-Speed | Instant QR Delivery | Docomo/SoftBank Network | Japanese Sim Ca"", ""NTT docomo, SoftBank: Amazon.com: JetSim eSIM Japan 15 Days | Japan SIM Card Unlimited Data with Total 10GB High-Speed | Instant QR Delivery | Docomo/SoftBank Network | Jap""], ""review_count"": [""detail_page: 1,690""], ""is_bestseller"": [""Best Sellers Rank #120,183 in Cell Phones & Accessories ( See Top 100 in Cell Phones & Accessories ) #270 in Cell Phone SIM Cards""], ""bestseller_rank"": [""Best Sellers Rank #120,183 in Cell Phones & Accessories ( See Top 100 in Cell Phones & Accessories ) #270 in Cell Phone SIM Cards""], ""title"": [""eSIM Japan 15 Days | Japan SIM Card Unlimited Data with Total 10GB High-Speed | Instant QR Delivery | Docomo/SoftBank Network | Japanese Sim Card | Easy Setup for iPhone & Android""]}"
amazon_us,jp,Japan Travel eSIM Card – 7 Day 5GB Prepaid Data Plan| 4G LTE High-Speed Data + Unlimited Slow Data | Hotspot Supported | Local Carrier | No Contract & SIM Card Needed | for Unlocked iOS & Android,9.53,3,,,,True,81,7일,7일,,unknown,lte_4g_only,"{""docomo"": null, ""au"": null, ""softbank"": true, ""rakuten"": null}",5GB,https://www.amazon.com/Japan-Travel-eSIM-Card-High-Speed/dp/B0F23YB2ZD,B0F23YB2ZD,B0F23YB2ZD,STAR VENTURE,Visit the generic Store,"{""price_usd"": [""$9.53""], ""usage_validity"": [""Japan Travel eSIM Card – 7 Day 5GB Prepaid Data Plan| 4G LTE High-Speed Data + Unlimited Slow Data | Hotspot Supported | Local Carrier | No Contract & SIM Card Needed | for Unlocke""], ""data_amount"": [""5GB 7-days Japan eSIM: Enjoy a 7-day plan with 5GB of premium 4G LTE data on Japan's most reliable networks.Perfect for travelers and business professionals - supports mobile hotsp""], ""network_type"": [""local_signal: Japan Travel eSIM Card – 7 Day 5GB Prepaid Data Plan| 4G LTE High-Speed Data + Unlimited Slow Data | Hotspot Supported | Local Carrier | No Contract & SIM Card Needed | for Unlocke"", ""roaming_signal: Product description Previous page Next page 1 Fast eSIM Network 2 Apps Travel With You 3 Turn eSIM into WiFi 4 Snap QR, Get eSIM 5 Instant eSIM Activation Previous page Reliable 4G"", ""insufficient_or_conflicting_signals(local=21, roaming=3)""], ""network_generation"": [""product_info_cellular_4g_lte: source:product_info_cellular: Cellular Technology LTE"", ""product_info_cellular_4g_lte: source:product_info_cellular: Cellular Technology LTE""], ""carrier_support_local"": [""SoftBank: Hello Japan Travel eSIM 15GB 20 Days | Data Only High Speed 5G + Easy Setup | No app or email registration, SoftBank 5G/4G LTE, Hotspot & Tethering, N""], ""review_count"": [""detail_page: 3 global ratings""], ""is_bestseller"": [""Best Sellers Rank #38,049 in Cell Phones & Accessories ( See Top 100 in Cell Phones & Accessories ) #81 in Cell Phone SIM Cards""], ""bestseller_rank"": [""Best Sellers Rank #38,049 in Cell Phones & Accessories ( See Top 100 in Cell Phones & Accessories ) #81 in Cell Phone SIM Cards""], ""title"": [""Japan Travel eSIM Card – 7 Day 5GB Prepaid Data Plan| 4G LTE High-Speed Data + Unlimited Slow Data | Hotspot Supported | Local Carrier | No Contract & SIM Card Needed | for Unlocked iOS & Android""]}"
amazon_us,jp,"[eSIM] Japan eSIM | 10DAYS 5GB | 5G, 4G/LTE, Tethering, Hotspot | SIM with Instant Activation in 10 Minutes | KDDI, SoftBank | Tokyo, Osaka, Fukuoka, Sapporo | Travel with Ringsim",8.59,11,,,,True,264,10일,10일,,local,5g_capable,"{""docomo"": null, ""au"": true, ""softbank"": true, ""rakuten"": null}",5GB,https://www.amazon.com/Tethering-Hotspot-Instant-Activation-SoftBank/dp/B0F2MN8B64,B0F2MN8B64,B0F2MN8B64,RINGSIM,Visit the ringsim Store,"{""price_usd"": [""$8.59""], ""usage_validity"": [""[eSIM] Japan eSIM | 10DAYS 5GB | 5G, 4G/LTE, Tethering, Hotspot | SIM with Instant Activation in 10 Minutes | KDDI, SoftBank | Tokyo, Osaka, Fukuoka, Sapporo | Travel with Ringsim""], ""data_amount"": [""★ Flexible Data Plans: Pick 5GB, 10GB, 20GB, 30GB, or Unlimited—perfect for both casual browsing and heavy usage. Flexible prepaid options tailored to your trip in Japan.""], ""network_type"": [""Product description Previous page Next page 1 Why have to use eSIM 2 What is eSIM? 3 How to Create eSIM. STEP1 4 How to Create eSIM. STEP2 How to install eSIM in IOS(iPhone) Previo"", ""score: local=3, roaming=0""], ""network_generation"": [""product_info_cellular_5g: source:product_info_cellular: Cellular Technology 5G, 4G, LTE"", ""product_info_cellular_5g: source:product_info_cellular: Cellular Technology 5G, 4G, LTE""], ""carrier_support_local"": [""au (KDDI), SoftBank: Service Provider KDDI, Softbank"", ""au (KDDI), SoftBank: Amazon.com: [eSIM] Japan eSIM | 10DAYS 5GB | 5G, 4G/LTE, Tethering, Hotspot | SIM with Instant Activation in 10 Minutes | KDDI, SoftBank | Tokyo, Osak"", ""au (KDDI), SoftBank: [eSIM] Japan eSIM | 10DAYS 5GB | 5G, 4G/LTE, Tethering, Hotspot | SIM with Instant Activation in 10 Minutes | KDDI, SoftBank | Tokyo, Osaka, Fukuoka, "", ""au (KDDI), SoftBank: [eSIM] Japan eSIM | 10DAYS 5GB | 5G, 4G/LTE, Tethering, Hotspot | SIM with Instant Activation in 10 Minutes | KDDI, SoftBank | Tokyo, Osaka, Fukuoka, "", ""au (KDDI), SoftBank: [eSIM] Japan eSIM | 10DAYS 5GB | 5G, 4G/LTE, Tethering, Hotspot | SIM with Instant Activation in 10 Minutes | KDDI, SoftBank | Tokyo, Osaka, Fukuoka, "", ""au (KDDI), SoftBank: Amazon.com: [eSIM] Japan eSIM | 10DAYS 5GB | 5G, 4G/LTE, Tethering, Hotspot | SIM with Instant Activation in 10 Minutes | KDDI, SoftBank | Tokyo, Osak""], ""review_count"": [""detail_page: 11 global ratings""], ""is_bestseller"": [""Best Sellers Rank #119,433 in Cell Phones & Accessories ( See Top 100 in Cell Phones & Accessories ) #264 in Cell Phone SIM Cards""], ""bestseller_rank"": [""Best Sellers Rank #119,433 in Cell Phones & Accessories ( See Top 100 in Cell Phones & Accessories ) #264 in Cell Phone SIM Cards""], ""title"": [""[eSIM] Japan eSIM | 10DAYS 5GB | 5G, 4G/LTE, Tethering, Hotspot | SIM with Instant Activation in 10 Minutes | KDDI, SoftBank | Tokyo, Osaka, Fukuoka, Sapporo | Travel with Ringsim""]}"
amazon_us,jp,"Asia eSIM 11 Countries | 15 Days Unlimited Data in China, HK, Indonesia, Japan, Macao, Malaysia, Singapore, South Korea, Taiwan, Thailand, Vietnam | Get QR Code in 24 Hours | Auto Activation",19.99,14,,,,True,68,15일,15일,,unknown,5g_capable,"{""docomo"": null, ""au"": true, ""softbank"": true, ""rakuten"": null}",unlimited,https://www.amazon.com/Asia-15-Days-Unlimited-Activation/dp/B0H9M4N1R3,B0H9M4N1R3,B0H9M4N1R3,TSIM Cards,Visit the TSIM Store,"{""price_usd"": [""$19.99""], ""usage_validity"": [""Asia eSIM 11 Countries | 15 Days Unlimited Data in China, HK, Indonesia, Japan, Macao, Malaysia, Singapore, South Korea, Taiwan, Thailand, Vietnam | Get QR Code in 24 Hours | Auto ""], ""data_amount"": [""📶 UNLIMITED DATA eSIM + HOTSPOT: No need to estimate your data requirement. This 15-day eSIM provides 3GB every day at super speed, then unlimited data at 1MBPS for the rest of the""], ""network_type"": [""local_signal: TSIM Prepaid USA SIM Card for Travel | Unlimited High Data, Unlimited Local Calls and Text for 30..."", ""roaming_signal: ✅ AUTO ACTIVATION: Validity starts when you first connect to a supported mobile network in Asia, so it is safe to install before you travel. Turn on data roaming upon arrival. 🎧 Ge"", ""insufficient_or_conflicting_signals(local=2, roaming=4)""], ""network_generation"": [""product_info_cellular_5g: source:product_info_cellular: Cellular Technology 5G/4G/LTE"", ""product_info_cellular_5g: source:product_info_cellular: Cellular Technology 5G/4G/LTE"", ""product_info_cellular_4g_lte_signal_present_but_5g_capable_takes_precedence""], ""carrier_support_local"": [""au (KDDI), SoftBank: Product description Asia Unlimited eSIM One eSIM for all your Asia Travels Asia Unlimited eSIM Coverage in 11 Asian Countries! Coverage: China, Hong K""], ""review_count"": [""detail_page: 14 global ratings""], ""is_bestseller"": [""Best Sellers Rank #34,975 in Cell Phones & Accessories ( See Top 100 in Cell Phones & Accessories ) #68 in Cell Phone SIM Cards""], ""bestseller_rank"": [""Best Sellers Rank #34,975 in Cell Phones & Accessories ( See Top 100 in Cell Phones & Accessories ) #68 in Cell Phone SIM Cards""], ""title"": [""Asia eSIM 11 Countries | 15 Days Unlimited Data in China, HK, Indonesia, Japan, Macao, Malaysia, Singapore, South Korea, Taiwan, Thailand, Vietnam | Get QR Code in 24 Hours | Auto Activation""]}"
amazon_us,jp,Prepaid Japn eSIM Card | 10GB 15-Day Data Plan | Instant QR Code & Top-Up Anytime | 5G/4G High-Speed | Hotspot Supported | Local Carrier | No Contract & SIM Card Needed | for Unlocked iOS & Android,17.99,7,,,,True,476,15일,15일,365일,local,lte_4g_only,"{""docomo"": true, ""au"": true, ""softbank"": true, ""rakuten"": null}",10GB,https://www.amazon.com/eSIM-10GB-High-Speed-Supported-Contract/dp/B0GFTS3HZK,B0GFTS3HZK,B0GFTS3HZK,STAR VENTURE,Visit the UROZETTA Store,"{""price_usd"": [""$17.99""], ""usage_validity"": [""Prepaid Japn eSIM Card | 10GB 15-Day Data Plan | Instant QR Code & Top-Up Anytime | 5G/4G High-Speed | Hotspot Supported | Local Carrier | No Contract & SIM Card Needed | for Unloc""], ""activation_validity"": [""Data SIM Card 24GB 365Days, 4G LTE SIM Card Support for 3 Network | USA Mobile Sim Card for Security Camera/Router/Mobile WiFi Hotspot, No Contract, 3-in-1 Sim Kit(Activate Needed)""], ""data_amount"": [""Enjoy High-Speed on a Local Network: 10GB of high-speed data for 15 days on 5G/4G networks. The Japan eSIM Card is powered by the local network, so it automatically connects to the""], ""network_type"": [""Prepaid Japn eSIM Card | 10GB 15-Day Data Plan | Instant QR Code & Top-Up Anytime | 5G/4G High-Speed | Hotspot Supported | Local Carrier | No Contract & SIM Card Needed | for Unloc"", ""Enjoy High-Speed on a Local Network: 10GB of high-speed data for 15 days on 5G/4G networks. The Japan eSIM Card is powered by the local network, so it automatically connects to the"", ""score: local=24, roaming=1""], ""network_generation"": [""product_info_cellular_4g_lte: source:product_info_cellular: Cellular Technology LTE"", ""product_info_cellular_4g_lte: source:product_info_cellular: Cellular Technology LTE""], ""carrier_support_local"": [""NTT docomo: Service Provider NTT Docomo"", ""NTT docomo: Japan SIM Card 60 Days Data Only | 90GB High-Speed 4G LTE | No Roaming Needed for Faster, Safer Access | Hotspot tethering Supported | Docomo Network "", ""SoftBank: Hello Japan Travel eSIM 15GB 30 Days | Data Only High Speed 5G + Easy Setup | No app or email registration, SoftBank 5G/4G LTE, Hotspot & Tethering, N"", ""au (KDDI), SoftBank: 【JP Smart SIM】 eSIM for Japan (Data-only, no Call/SMS) | 15 Days 2GB/Day |【KDDI/SoftBank 4G/LTE】 National-Wide Coverage, Simple Setup | Made in Japan ""], ""review_count"": [""detail_page: 7 global ratings""], ""is_bestseller"": [""Best Sellers Rank #212,018 in Cell Phones & Accessories ( See Top 100 in Cell Phones & Accessories ) #476 in Cell Phone SIM Cards""], ""bestseller_rank"": [""Best Sellers Rank #212,018 in Cell Phones & Accessories ( See Top 100 in Cell Phones & Accessories ) #476 in Cell Phone SIM Cards""], ""title"": [""Prepaid Japn eSIM Card | 10GB 15-Day Data Plan | Instant QR Code & Top-Up Anytime | 5G/4G High-Speed | Hotspot Supported | Local Carrier | No Contract & SIM Card Needed | for Unlocked iOS & Android""]}"
amazon_us,jp,"Mobile Tracker SIM Card, 5G/4G LTE Data Only Sim Card",1.99,14,,,,True,397,30일,30일,,unknown,5g_capable,"{""docomo"": null, ""au"": null, ""softbank"": null, ""rakuten"": null}",unlimited,https://www.amazon.com/dp/B0GGBJ51NB,B0GGBJ51NB,B0GGBJ51NB,YCTEL,Visit the YCTEL Store,"{""price_usd"": [""$1.99""], ""usage_validity"": [""Flexible Data Plans: The YCTEL SIM card offers a 100MB trial data allowance (valid for 30 days) and flexible data plans ranging from 360MB to 1080MB, with validity periods from 1 t""], ""data_amount"": [""$30/mo. Mint Mobile Phone Plan with Unlimited Talk, Text & Data for 3 Months (3-in-1 SIM Card)""], ""network_type"": [""no_local_or_roaming_keyword_matched""], ""network_generation"": [""product_info_cellular_5g: source:product_info_cellular: Cellular Technology LTE/5G"", ""product_info_cellular_5g: source:product_info_cellular: Cellular Technology LTE/5G"", ""product_info_cellular_4g_lte_signal_present_but_5g_capable_takes_precedence""], ""review_count"": [""detail_page: 14 global ratings""], ""is_bestseller"": [""Best Sellers Rank #176,748 in Cell Phones & Accessories ( See Top 100 in Cell Phones & Accessories ) #397 in Cell Phone SIM Cards""], ""bestseller_rank"": [""Best Sellers Rank #176,748 in Cell Phones & Accessories ( See Top 100 in Cell Phones & Accessories ) #397 in Cell Phone SIM Cards""], ""title"": [""Mobile Tracker SIM Card, 5G/4G LTE Data Only Sim Card""]}"
amazon_us,jp,"Japan & Korea eSIM – 15 Day 20GB (5G/4G) High-Speed Data Prepaid Card. Unlimited 128kbps After Cap, Hotspot Support, Same-Day Online Delivery Support. (15 Days 20GB)",22.99,88,,,,True,471,15일,15일,90일,unknown,lte_4g_only,"{""docomo"": null, ""au"": null, ""softbank"": null, ""rakuten"": null}",20GB,https://www.amazon.com/Japan-Korea-eSIM-High-Speed-Unlimited/dp/B0F5WB3WL2,B0F5WB3WL2,B0F5WB3WL2,BillionConnect,Visit the Billion Connect Store,"{""price_usd"": [""$22.99""], ""usage_validity"": [""Japan & Korea eSIM – 15 Day 20GB (5G/4G) High-Speed Data Prepaid Card. Unlimited 128kbps After Cap, Hotspot Support, Same-Day Online Delivery Support. (15 Days 20GB)""], ""activation_validity"": [""✅【How Plan Duration Is Calculated】The validity period of your eSIM starts from the moment it is activated and is calculated in 24-hour units. Example: If you activate a 3-day plan ""], ""data_amount"": [""✅【15 Days 20GB , 4G Supported】 eSIM offers 20GB of high-speed data for 15days! After reaching the daily limit, speed will be reduced to 128kbps. You can still use text-based apps l""], ""network_type"": [""no_local_or_roaming_keyword_matched""], ""network_generation"": [""product_info_cellular_4g_lte: source:product_info_cellular: Cellular Technology LTE"", ""product_info_cellular_4g_lte: source:product_info_cellular: Cellular Technology LTE""], ""review_count"": [""detail_page: 88""], ""is_bestseller"": [""Best Sellers Rank #208,771 in Cell Phones & Accessories ( See Top 100 in Cell Phones & Accessories ) #471 in Cell Phone SIM Cards""], ""bestseller_rank"": [""Best Sellers Rank #208,771 in Cell Phones & Accessories ( See Top 100 in Cell Phones & Accessories ) #471 in Cell Phone SIM Cards""], ""title"": [""Japan & Korea eSIM – 15 Day 20GB (5G/4G) High-Speed Data Prepaid Card. Unlimited 128kbps After Cap, Hotspot Support, Same-Day Online Delivery Support. (15 Days 20GB)""]}"
amazon_us,jp,"EIOTCLUB Asia Travel eSIM, 1GB 30-Day, China Japan Korea & More",5.0,4,,,,True,46,30일,30일,,roaming,5g_capable,"{""docomo"": null, ""au"": null, ""softbank"": null, ""rakuten"": null}",1GB,https://www.amazon.com/eSIM-China-Mainland-Taiwan-1GB/dp/B0DW88254H,B0DW88254H,B0DW88254H,hilan IoT,Visit the EIOTCLUB Store,"{""price_usd"": [""$5.00""], ""usage_validity"": [""EIOTCLUB Asia Travel eSIM, 1GB 30-Day, China Japan Korea & More""], ""data_amount"": [""Enjoy 1GB of high-speed 4G/5G LTE data valid for 30 days, offering reliable coverage across China Mainland, Japan, Korea, Hong Kong, Macau, and Taiwan.""], ""network_type"": [""Follow the provided instructions and enter your Amazon order number to receive your eSIM QR code. Once received, turn on the eSIM line on your phone and enable \""Data Roaming\"" for a"", ""score: local=0, roaming=3""], ""network_generation"": [""product_detail_5g: source:feature_bullets: Enjoy 1GB of high-speed 4G/5G LTE data valid for 30 days, offering reliable coverage across China Mainland, Japan, Korea, Hong Kong, Macau, and Taiwan."", ""product_detail_5g: source:product_details: Item Highlight 5G/4G prepaid data in China, Japan, Korea, Hong Kong, Macau and Taiwan, QR activation, data only, no voice/SMS""], ""review_count"": [""detail_page: 4 global ratings""], ""is_bestseller"": [""Best Sellers Rank #25,571 in Cell Phones & Accessories ( See Top 100 in Cell Phones & Accessories ) #46 in Cell Phone SIM Cards""], ""bestseller_rank"": [""Best Sellers Rank #25,571 in Cell Phones & Accessories ( See Top 100 in Cell Phones & Accessories ) #46 in Cell Phone SIM Cards""], ""title"": [""EIOTCLUB Asia Travel eSIM, 1GB 30-Day, China Japan Korea & More""]}"
amazon_us,jp,"【JP Smart SIM】 eSIM for Japan (Data-only, no Call/SMS) | 7 Days 2GB/Day |【KDDI/SoftBank 4G/LTE】 National-Wide Coverage, Simple Setup | Made in Japan | Multilingual Support | English Manual Included",14.59,1,,,,True,709,7일,7일,7일,unknown,lte_4g_only,"{""docomo"": true, ""au"": true, ""softbank"": true, ""rakuten"": null}",2GB/day,https://www.amazon.com/Data-only-2GB-SoftBank-National-Wide-Multilingual/dp/B0DM672SZ3,B0DM672SZ3,B0DM672SZ3,ＤＸＨＵＢ,Visit the ＤＸＨＵＢ Store,"{""price_usd"": [""$14.59""], ""usage_validity"": [""【JP Smart SIM】 eSIM for Japan (Data-only, no Call/SMS) | 7 Days 2GB/Day |【KDDI/SoftBank 4G/LTE】 National-Wide Coverage, Simple Setup | Made in Japan | Multilingual Support | Englis""], ""activation_validity"": [""【Product Detail】:【7Days・2GB/day (4G/LTE) eSIM】 100% designed and made in Japan--- high quality and data security, excellent user experience | Stay connected with Japanese network K""], ""data_amount"": [""【Product Detail】:【7Days・2GB/day (4G/LTE) eSIM】 100% designed and made in Japan--- high quality and data security, excellent user experience | Stay connected with Japanese network K""], ""network_type"": [""insufficient_or_conflicting_signals(local=0, roaming=-2)""], ""network_generation"": [""product_detail_4g_lte: source:feature_bullets: 【Product Detail】:【7Days・2GB/day (4G/LTE) eSIM】 100% designed and made in Japan--- high quality and data security, excellent user experience | Stay connected"", ""product_detail_4g_lte: source:feature_bullets: 【Device Requirements】: ① eSIM compatible smartphones ONLY. Please make sure your device supports eSIM before purchasing. ② SIM-free devices ONLY. Please mak""], ""carrier_support_local"": [""au (KDDI), SoftBank: 【Product Detail】:【7Days・2GB/day (4G/LTE) eSIM】 100% designed and made in Japan--- high quality and data security, excellent user experience | Stay con"", ""au (KDDI), SoftBank: 【Company Information】: 【JP Smart SIM】is backed by KDDI/SoftBank--- a trusted Japanese network--- and by our self-developed system that enhances data s"", ""au (KDDI), SoftBank: Amazon.com: 【JP Smart SIM】 eSIM for Japan (Data-only, no Call/SMS) | 7 Days 2GB/Day |【KDDI/SoftBank 4G/LTE】 National-Wide Coverage, Simple Setup | Mad"", ""au (KDDI), SoftBank: 【JP Smart SIM】 eSIM for Japan (Data-only, no Call/SMS) | 7 Days 2GB/Day |【KDDI/SoftBank 4G/LTE】 National-Wide Coverage, Simple Setup | Made in Japan |"", ""NTT docomo: Japan SIM Card 15 Days Data Only | Daily 2GB High-Speed 4G LTE + Unlimited Data at Reduced Speed | No Roaming Needed for Faster, Safer Access | Hotspo"", ""au (KDDI), SoftBank: 【JP Smart SIM】 eSIM for Japan (Data-only, no Call/SMS) | 7 Days 2GB/Day |【KDDI/SoftBank 4G/LTE】 National-Wide Coverage, Simple Setup | Made in Japan |"", ""au (KDDI): iOS KDDI"", ""au (KDDI): iOS KDDI"", ""au (KDDI): Android KDDI"", ""au (KDDI): Android KDDI"", ""au (KDDI), SoftBank: 【JP Smart SIM】 eSIM for Japan (Data-only, no Call/SMS) | 7 Days 2GB/Day |【KDDI/SoftBank 4G/LTE】 National-Wide Coverage, Simple Setup | Made in Japan |"", ""au (KDDI), SoftBank: Amazon.com: 【JP Smart SIM】 eSIM for Japan (Data-only, no Call/SMS) | 7 Days 2GB/Day |【KDDI/SoftBank 4G/LTE】 National-Wide Coverage, Simple Setup | Mad""], ""review_count"": [""detail_page: 1 global rating""], ""is_bestseller"": [""Best Sellers Rank #333,760 in Cell Phones & Accessories ( See Top 100 in Cell Phones & Accessories ) #709 in Cell Phone SIM Cards""], ""bestseller_rank"": [""Best Sellers Rank #333,760 in Cell Phones & Accessories ( See Top 100 in Cell Phones & Accessories ) #709 in Cell Phone SIM Cards""], ""title"": [""【JP Smart SIM】 eSIM for Japan (Data-only, no Call/SMS) | 7 Days 2GB/Day |【KDDI/SoftBank 4G/LTE】 National-Wide Coverage, Simple Setup | Made in Japan | Multilingual Support | English Manual Included""]}"
amazon_us,jp,"Travel Data eSIM (15 Days) for China Mainland, Japan, Korea, Thailand, Hong Kong, Taiwan, Singapore, Vietnam and More, 15GB of High-Speed Data, Instant Activation, Prepaid Digital SIM Card",26.99,6,,,,True,342,15일,15일,30일,unknown,5g_capable,"{""docomo"": null, ""au"": null, ""softbank"": null, ""rakuten"": null}",15GB,https://www.amazon.com/15-Days-Singapore-High-Speed-Activation/dp/B0G4XT27G2,B0G4XT27G2,B0G4XT27G2,Jethro Trading Ltd.,Visit the JETSIM Store,"{""price_usd"": [""$26.99""], ""usage_validity"": [""Travel Data eSIM (15 Days) for China Mainland, Japan, Korea, Thailand, Hong Kong, Taiwan, Singapore, Vietnam and More, 15GB of High-Speed Data, Instant Activation, Prepaid Digital ""], ""activation_validity"": [""Product description Can I use my eSIM immediately after purchase? Yes. Simply submit the claim form, and we will deliver your eSIM to your email right away. Do I need to activate m""], ""data_amount"": [""[Fast & Reliable Data] 15GB high-speed for 15 days—ideal for maps, social media, and emails.""], ""network_type"": [""roaming_signal: Product description Can I use my eSIM immediately after purchase? Yes. Simply submit the claim form, and we will deliver your eSIM to your email right away. Do I need to activate m"", ""insufficient_or_conflicting_signals(local=0, roaming=1)""], ""network_generation"": [""product_info_cellular_5g: source:product_info_cellular: Cellular Technology 5G/4G"", ""product_info_cellular_5g: source:product_info_cellular: Cellular Technology 5G/4G""], ""review_count"": [""detail_page: 6 global ratings""], ""is_bestseller"": [""Best Sellers Rank #153,113 in Cell Phones & Accessories ( See Top 100 in Cell Phones & Accessories ) #342 in Cell Phone SIM Cards""], ""bestseller_rank"": [""Best Sellers Rank #153,113 in Cell Phones & Accessories ( See Top 100 in Cell Phones & Accessories ) #342 in Cell Phone SIM Cards""], ""title"": [""Travel Data eSIM (15 Days) for China Mainland, Japan, Korea, Thailand, Hong Kong, Taiwan, Singapore, Vietnam and More, 15GB of High-Speed Data, Instant Activation, Prepaid Digital SIM Card""]}"
amazon_us,jp,"Aisa eSIM 20Days 15GB | Instant Email Delivery | 11 Countries Including Japan, South Korea, China, Thailand, and Singapore | 5G, 4G/LTE | Prepaid eSIM for Aisa Travel | Hotspot Supported | Data ONLY",23.13,241,,,,True,517,20일,20일,,local,lte_4g_only,"{""docomo"": true, ""au"": null, ""softbank"": null, ""rakuten"": null}",15GB,https://www.amazon.com/20Days-15GB-Countries-Including-Singapore/dp/B0FXB3V38J,B0FXB3V38J,B0FXB3V38J,Starway Mobile,Brand: Starway,"{""price_usd"": [""$23.13""], ""usage_validity"": [""Aisa eSIM 20Days 15GB | Instant Email Delivery | 11 Countries Including Japan, South Korea, China, Thailand, and Singapore | 5G, 4G/LTE | Prepaid eSIM for Aisa Travel | Hotspot Sup""], ""data_amount"": [""Aisa 15GB 20-Day eSIM: Enjoy 15GB of high-speed 4G/5G data for 20 days! After using the 15GB high-speed data, continue browsing with unlimited data at 256Kbps. Hotspot sharing is s""], ""network_type"": [""Instant Aisa eSIM: 15GB in 20 Days Get your eSIM instantly via email - Instant Access - Forget Shipping Delays! Visit our website (https://mcrmgr.umacaroon.com/starway), enter your"", ""score: local=3, roaming=1""], ""network_generation"": [""product_info_cellular_4g_lte: source:product_info_cellular: Cellular Technology LTE"", ""product_info_cellular_4g_lte: source:product_info_cellular: Cellular Technology LTE""], ""carrier_support_local"": [""NTT docomo: Japan SIM Card 15 Days Data Only | 10GB High-Speed 4G LTE + Unlimited Data at Reduced Speed | No Roaming Needed for Faster, Safer Access | Hotspot tet""], ""review_count"": [""detail_page: 241""], ""is_bestseller"": [""Best Sellers Rank #230,951 in Cell Phones & Accessories ( See Top 100 in Cell Phones & Accessories ) #517 in Cell Phone SIM Cards""], ""bestseller_rank"": [""Best Sellers Rank #230,951 in Cell Phones & Accessories ( See Top 100 in Cell Phones & Accessories ) #517 in Cell Phone SIM Cards""], ""title"": [""Aisa eSIM 20Days 15GB | Instant Email Delivery | 11 Countries Including Japan, South Korea, China, Thailand, and Singapore | 5G, 4G/LTE | Prepaid eSIM for Aisa Travel | Hotspot Supported | Data ONLY""]}"
amazon_us,jp,"Asia Travel eSIM - 10GB/12-Day Prepaid Data Plan for Japan, South Korea, Singapore & Thailand (10 Asian Countries Total) | 4G LTE High-Speed Network | Hotspot Support | Easy Activation",23.99,4,,,,True,242,12일,12일,,unknown,lte_4g_only,"{""docomo"": null, ""au"": null, ""softbank"": null, ""rakuten"": null}",10GB,https://www.amazon.com/Asia-Travel-eSIM-High-Speed-Activation/dp/B0DR8XRZTF,B0DR8XRZTF,B0DR8XRZTF,STAR VENTURE,Visit the UROZETTA Store,"{""price_usd"": [""$23.99""], ""usage_validity"": [""Asia Travel eSIM - 10GB/12-Day Prepaid Data Plan for Japan, South Korea, Singapore & Thailand (10 Asian Countries Total) | 4G LTE High-Speed Network | Hotspot Support | Easy Activa""], ""data_amount"": [""10GB 12-days Asia eSIM: Enjoy high-speed 4G coverage across Japan, South Korea, Singapore & Thailand (10 Asian Countries Total) . Supports mobile hotspot sharing with reliable cove""], ""network_type"": [""local_signal: Product description Previous page Next page 1 Fast eSIM Network 2 Apps Travel With You 3 Turn eSIM into WiFi 4 Snap QR, Get eSIM 5 Instant eSIM Activation Previous page Reliable 4G"", ""roaming_signal: Product description Previous page Next page 1 Fast eSIM Network 2 Apps Travel With You 3 Turn eSIM into WiFi 4 Snap QR, Get eSIM 5 Instant eSIM Activation Previous page Reliable 4G"", ""insufficient_or_conflicting_signals(local=6, roaming=3)""], ""network_generation"": [""product_info_cellular_4g_lte: source:product_info_cellular: Cellular Technology LTE"", ""product_info_cellular_4g_lte: source:product_info_cellular: Cellular Technology LTE""], ""review_count"": [""detail_page: 4 global ratings""], ""is_bestseller"": [""Best Sellers Rank #109,159 in Cell Phones & Accessories ( See Top 100 in Cell Phones & Accessories ) #242 in Cell Phone SIM Cards""], ""bestseller_rank"": [""Best Sellers Rank #109,159 in Cell Phones & Accessories ( See Top 100 in Cell Phones & Accessories ) #242 in Cell Phone SIM Cards""], ""title"": [""Asia Travel eSIM - 10GB/12-Day Prepaid Data Plan for Japan, South Korea, Singapore & Thailand (10 Asian Countries Total) | 4G LTE High-Speed Network | Hotspot Support | Easy Activation""]}"
amazon_us,jp,Prepaid Japn eSIM Card | 10GB 30-Day Data Plan | Instant QR Code & Top-Up Anytime | 5G/4G High-Speed | Hotspot Supported | Local Carrier | No Contract & SIM Card Needed | for Unlocked iOS & Android,19.99,36,,,,True,718,30일,30일,365일,unknown,5g_capable,"{""docomo"": true, ""au"": null, ""softbank"": null, ""rakuten"": null}",10GB,https://www.amazon.com/eSIM-10GB-High-Speed-Supported-Contract/dp/B0GFVWFSK4,B0GFVWFSK4,B0GFVWFSK4,STAR VENTURE,Brand: ＵＲＯＺＥＴＴＡ,"{""price_usd"": [""$19.99""], ""usage_validity"": [""Prepaid Japn eSIM Card | 10GB 30-Day Data Plan | Instant QR Code & Top-Up Anytime | 5G/4G High-Speed | Hotspot Supported | Local Carrier | No Contract & SIM Card Needed | for Unloc""], ""activation_validity"": [""Data SIM Card 24GB 365Days, 4G LTE SIM Card Support for 3 Network | USA Mobile Sim Card for Security Camera/Router/Mobile WiFi Hotspot, No Contract, 3-in-1 Sim Kit(Activate Needed)""], ""data_amount"": [""Enjoy High-Speed on a Local Network: 10GB of high-speed data for 30 days on 5G/4G networks. The Japan eSIM Card is powered by the local network, so it automatically connects to the""], ""network_type"": [""local_signal: Prepaid Japn eSIM Card | 10GB 30-Day Data Plan | Instant QR Code & Top-Up Anytime | 5G/4G High-Speed | Hotspot Supported | Local Carrier | No Contract & SIM Card Needed | for Unloc"", ""roaming_signal: Product description Previous page Next page 1 Fast eSIM Network 2 Apps Travel With You 3 Turn eSIM into WiFi 4 Snap QR, Get eSIM 5 Instant eSIM Activation Previous page Reliable 4G"", ""insufficient_or_conflicting_signals(local=24, roaming=3)""], ""network_generation"": [""product_detail_5g: source:feature_bullets: Enjoy High-Speed on a Local Network: 10GB of high-speed data for 30 days on 5G/4G networks. The Japan eSIM Card is powered by the local network, so it autom"", ""product_detail_4g_lte_signal_present_but_5g_capable_takes_precedence""], ""carrier_support_local"": [""NTT docomo: Service Provider NTT Docomo""], ""review_count"": [""detail_page: 36""], ""is_bestseller"": [""Best Sellers Rank #336,404 in Cell Phones & Accessories ( See Top 100 in Cell Phones & Accessories ) #718 in Cell Phone SIM Cards""], ""bestseller_rank"": [""Best Sellers Rank #336,404 in Cell Phones & Accessories ( See Top 100 in Cell Phones & Accessories ) #718 in Cell Phone SIM Cards""], ""title"": [""Prepaid Japn eSIM Card | 10GB 30-Day Data Plan | Instant QR Code & Top-Up Anytime | 5G/4G High-Speed | Hotspot Supported | Local Carrier | No Contract & SIM Card Needed | for Unlocked iOS & Android""]}"
amazon_us,jp,"Prepaid Travel eSIM - 10GB 30Days for Mainland China, Japan, South Korea, Singapore & Thailand (11 Asian Countries Total) | Get QR Code Instantly | 4G LTE High-Speed Network | Hotspot Support",29.99,4,,,,True,119,30일,30일,,unknown,lte_4g_only,"{""docomo"": null, ""au"": null, ""softbank"": null, ""rakuten"": null}",10GB,https://www.amazon.com/10GB-Singapore-Philippines-Indonesia-High-Speed/dp/B0FGCV8JQB,B0FGCV8JQB,B0FGCV8JQB,STAR VENTURE,Visit the ＵＲＯＺＥＴＴＡ Store,"{""price_usd"": [""$29.99""], ""usage_validity"": [""Prepaid Travel eSIM - 10GB 30Days for Mainland China, Japan, South Korea, Singapore & Thailand (11 Asian Countries Total) | Get QR Code Instantly | 4G LTE High-Speed Network | Hots""], ""data_amount"": [""Enjoy High-Speed on a Local Network: Get 10GB of 5G/4G LTE high-speed data for 30 days, covering Mainland China, Japan, South Korea, Singapore, Malaysia, Thailand, Indonesia, Vietn""], ""network_type"": [""local_signal: Enjoy High-Speed on a Local Network: Get 10GB of 5G/4G LTE high-speed data for 30 days, covering Mainland China, Japan, South Korea, Singapore, Malaysia, Thailand, Indonesia, Vietn"", ""roaming_signal: Product description Previous page Next page 1 Fast eSIM Network 2 Apps Travel With You 3 Turn eSIM into WiFi 4 Snap QR, Get eSIM 5 Instant eSIM Activation Previous page Reliable 4G"", ""insufficient_or_conflicting_signals(local=6, roaming=3)""], ""network_generation"": [""product_info_cellular_4g_lte: source:product_info_cellular: Cellular Technology LTE"", ""product_info_cellular_4g_lte: source:product_info_cellular: Cellular Technology LTE""], ""review_count"": [""detail_page: 4 global ratings""], ""is_bestseller"": [""Best Sellers Rank #54,635 in Cell Phones & Accessories ( See Top 100 in Cell Phones & Accessories ) #119 in Cell Phone SIM Cards""], ""bestseller_rank"": [""Best Sellers Rank #54,635 in Cell Phones & Accessories ( See Top 100 in Cell Phones & Accessories ) #119 in Cell Phone SIM Cards""], ""title"": [""Prepaid Travel eSIM - 10GB 30Days for Mainland China, Japan, South Korea, Singapore & Thailand (11 Asian Countries Total) | Get QR Code Instantly | 4G LTE High-Speed Network | Hotspot Support""]}"
amazon_us,jp,"Japan eSIM 7Days 7GB | Instant Email Delivery | 5G, 4G/LTE | Dual Local Japan Carriers, Softbank AMD KDDI | Prepaid eSIM for International Travel | Hotspot Supported | Data ONLY eSIM Plan",12.91,31,,,,True,888,7일,7일,7일,local,5g_capable,"{""docomo"": true, ""au"": true, ""softbank"": true, ""rakuten"": null}",7GB,https://www.amazon.com/7Days-7GB-Delivery-International-Supported/dp/B0FXB9LMT6,B0FXB9LMT6,B0FXB9LMT6,Starway Mobile,Brand: Starway,"{""price_usd"": [""$12.91""], ""usage_validity"": [""Japan eSIM 7Days 7GB | Instant Email Delivery | 5G, 4G/LTE | Dual Local Japan Carriers, Softbank AMD KDDI | Prepaid eSIM for International Travel | Hotspot Supported | Data ONLY eS""], ""activation_validity"": [""Instant Japan eSIM: 7GB in 7 Days Get your eSIM instantly via email - Instant Access - Forget Shipping Delays! Go to istarway.net/activate, enter your info, and receive your QR cod""], ""data_amount"": [""Japan 7GB 7Days eSIM: Enjoy 7GB of high-speed 4G/5G data for 7 days! After using the 7GB high-speed data, continue browsing with unlimited data at 256Kbps. Hotspot sharing is suppo""], ""network_type"": [""Japan eSIM 7Days 7GB | Instant Email Delivery | 5G, 4G/LTE | Dual Local Japan Carriers, Softbank AMD KDDI | Prepaid eSIM for International Travel | Hotspot Supported | Data ONLY eS"", ""Reliable Service: Powered by Japan's local Softbank and KDDI networks with 4G/5G high-speed connectivity. Enjoy smooth video calls, web browsing, social media (excluding TikTok), a"", ""score: local=7, roaming=1""], ""network_generation"": [""product_info_cellular_5g: source:product_info_cellular: Cellular Technology 5G/4G LTE"", ""product_info_cellular_5g: source:product_info_cellular: Cellular Technology 5G/4G LTE""], ""carrier_support_local"": [""au (KDDI), SoftBank: Reliable Service: Powered by Japan's local Softbank and KDDI networks with 4G/5G high-speed connectivity. Enjoy smooth video calls, web browsing, soci"", ""au (KDDI), SoftBank: Service Provider Softbank, KDDI"", ""au (KDDI), SoftBank: Amazon.com: Japan eSIM 7Days 7GB | Instant Email Delivery | 5G, 4G/LTE | Dual Local Japan Carriers, Softbank AMD KDDI | Prepaid eSIM for International"", ""au (KDDI), SoftBank: Japan eSIM 7Days 7GB | Instant Email Delivery | 5G, 4G/LTE | Dual Local Japan Carriers, Softbank AMD KDDI | Prepaid eSIM for International Travel | Ho"", ""SoftBank: Japan Travel eSIM Card 10GB SoftBank 5G/4G LTE Data Only | Prepaid SIM | QR Code | High-Speed Data | Japan SIM | No Physical SIM Required | Nippon SIM"", ""NTT docomo: [eSIM] Japan eSIM 15 Days Data Only SIM | 10GB High-Speed 4G LTE + Unlimited Data at Reduced Speed | No Roaming Needed for Faster, Safer Access | Hots"", ""au (KDDI), SoftBank: Japan eSIM 7Days 7GB | Instant Email Delivery | 5G, 4G/LTE | Dual Local Japan Carriers, Softbank AMD KDDI | Prepaid eSIM for International Travel | Ho"", ""NTT docomo: [eSIM] Japan eSIM 15 Days Data Only SIM | 10GB High-Speed 4G LTE + Unlimited Data at Reduced Speed | No Roaming Needed for Faster, Safer Access | Hots"", ""SoftBank: Japan Travel eSIM Card 10GB SoftBank 5G/4G LTE Data Only | Prepaid SIM | QR Code | High-Speed Data | Japan SIM | No Physical SIM Required | Nippon SIM"", ""au (KDDI): 【JP Smart SIM】 eSIM for Japan (Data-only, no Call/SMS) | 7 Days 2GB/Day |【KDDI/Soft..."", ""au (KDDI), SoftBank: Japan eSIM 7Days 7GB | Instant Email Delivery | 5G, 4G/LTE | Dual Local Japan Carriers, Softbank AMD KDDI | Prepaid eSIM for International Travel | Ho"", ""au (KDDI), SoftBank: Amazon.com: Japan eSIM 7Days 7GB | Instant Email Delivery | 5G, 4G/LTE | Dual Local Japan Carriers, Softbank AMD KDDI | Prepaid eSIM for International""], ""review_count"": [""detail_page: 31""], ""is_bestseller"": [""Best Sellers Rank #436,730 in Cell Phones & Accessories ( See Top 100 in Cell Phones & Accessories ) #888 in Cell Phone SIM Cards""], ""bestseller_rank"": [""Best Sellers Rank #436,730 in Cell Phones & Accessories ( See Top 100 in Cell Phones & Accessories ) #888 in Cell Phone SIM Cards""], ""title"": [""Japan eSIM 7Days 7GB | Instant Email Delivery | 5G, 4G/LTE | Dual Local Japan Carriers, Softbank AMD KDDI | Prepaid eSIM for International Travel | Hotspot Supported | Data ONLY eSIM Plan""]}"
amazon_us,jp,eSIM Japan 5 Days | Japan SIM Card Unlimited Data with Total 5GB(1GB/Day) High-Speed | Instant QR Delivery | Docomo/SoftBank Network | Japanese Sim Card | Easy Setup for iPhone & Android,11.99,5,,,,True,567,5일,5일,30일,unknown,5g_capable,"{""docomo"": true, ""au"": true, ""softbank"": true, ""rakuten"": null}",1GB,https://www.amazon.com/JetSIM-Days-3GB-High-Speed-Auto-Activation/dp/B0DF8KYKSX,B0DF8KYKSX,B0DF8KYKSX,Jethro Trading Ltd.,Visit the JETSIM Store,"{""price_usd"": [""$11.99""], ""usage_validity"": [""eSIM Japan 5 Days | Japan SIM Card Unlimited Data with Total 5GB(1GB/Day) High-Speed | Instant QR Delivery | Docomo/SoftBank Network | Japanese Sim Card | Easy Setup for iPhone & A""], ""activation_validity"": [""Product description Can I use my eSIM immediately after purchase? Yes. Simply submit the claim form, and we will deliver your eSIM to your email right away. Do I need to activate m""], ""data_amount"": [""[Fast & Reliable Data] 1GB high-speed daily + unlimited basic data for 5 days—ideal for maps, social media, and emails.""], ""network_type"": [""local_signal: Product description Can I use my eSIM immediately after purchase? Yes. Simply submit the claim form, and we will deliver your eSIM to your email right away. Do I need to activate m"", ""roaming_signal: Product description Can I use my eSIM immediately after purchase? Yes. Simply submit the claim form, and we will deliver your eSIM to your email right away. Do I need to activate m"", ""insufficient_or_conflicting_signals(local=1, roaming=1)""], ""network_generation"": [""product_info_cellular_5g: source:product_info_cellular: Cellular Technology 5G/4G"", ""product_info_cellular_5g: source:product_info_cellular: Cellular Technology 5G/4G""], ""carrier_support_local"": [""NTT docomo, SoftBank: Amazon.com: JetSim eSIM Japan 5 Days | Japan SIM Card Unlimited Data with Total 5GB(1GB/Day) High-Speed | Instant QR Delivery | Docomo/SoftBank Networ"", ""NTT docomo, SoftBank: JetSim eSIM Japan 5 Days | Japan SIM Card Unlimited Data with Total 5GB(1GB/Day) High-Speed | Instant QR Delivery | Docomo/SoftBank Network | Japanese"", ""NTT docomo: Japan Data ONLY SIM Card 15 Days | Unlimited Internet Data (10GB at 4G LTE High Speed Data Then downgrade to 128kbps) |Docomo"", ""NTT docomo: Japan SIM Card 30 Days Data Only | 10GB High-Speed 4G LTE + Unlimited Data at Reduced Speed | No Roaming Needed for Faster, Safer Access | Hotspot tet"", ""SoftBank: Japan Travel eSIM Card 10GB SoftBank 5G/4G LTE Data Only | Prepaid SIM | QR Code | High-Speed Data | Japan SIM | No Physical SIM Required | Nippon SIM"", ""NTT docomo, SoftBank: JetSim eSIM Japan 5 Days | Japan SIM Card Unlimited Data with Total 5GB(1GB/Day) High-Speed | Instant QR Delivery | Docomo/SoftBank Network | Japanese"", ""au (KDDI): Japan Travel eSIM Card 10 Days Unlimited KDDI 5G/4G Data Only | Prepaid SIM | QR Code | High-Speed Data | Japan SIM | No Physical SIM Required | Nippo"", ""NTT docomo: Japan SIM Card 30 Days Data Only | 10GB High-Speed 4G LTE + Unlimited Data at Reduced Speed | No Roaming Needed for Faster, Safer Access | Hotspot tet"", ""NTT docomo, SoftBank: JetSim eSIM Japan 5 Days | Japan SIM Card Unlimited Data with Total 5GB(1GB/Day) High-Speed | Instant QR Delivery | Docomo/SoftBank Network | Japanese"", ""NTT docomo, SoftBank: Amazon.com: JetSim eSIM Japan 5 Days | Japan SIM Card Unlimited Data with Total 5GB(1GB/Day) High-Speed | Instant QR Delivery | Docomo/SoftBank Networ""], ""review_count"": [""detail_page: 5 global ratings""], ""is_bestseller"": [""Best Sellers Rank #258,696 in Cell Phones & Accessories ( See Top 100 in Cell Phones & Accessories ) #567 in Cell Phone SIM Cards""], ""bestseller_rank"": [""Best Sellers Rank #258,696 in Cell Phones & Accessories ( See Top 100 in Cell Phones & Accessories ) #567 in Cell Phone SIM Cards""], ""title"": [""eSIM Japan 5 Days | Japan SIM Card Unlimited Data with Total 5GB(1GB/Day) High-Speed | Instant QR Delivery | Docomo/SoftBank Network | Japanese Sim Card | Easy Setup for iPhone & Android""]}"
amazon_us,jp,"EIOTCLUB Physical eSIM Card 1.2GB a Year, Unlimited eSIM Downloads, eSIM Adapter for Global Europe/USA/Japan/China/etc, Pre-Cut for Easy Use",45.0,7,,,,True,280,30일,30일,,unknown,unknown,"{""docomo"": null, ""au"": null, ""softbank"": null, ""rakuten"": null}",unlimited,https://www.amazon.com/EIOTCLUB-Physical-Unlimited-Downloads-Adapter/dp/B0H14JP69S,B0H14JP69S,B0H14JP69S,hilan IoT,Visit the EIOTCLUB Store,"{""price_usd"": [""$45.00""], ""usage_validity"": [""EIOTCLUB Data Only SIM Card for Mobile Hotspots, Routers, Tablets & Laptops | 5G/4G LTE Network in USA Coverage, 1GB 30Day, No Contract, Pre-Cut Size Standard/Micro/Nano""], ""data_amount"": [""Unlimited eSIM Downloads - The EIOTCLUB eSIM adapter comes pre-installed with 1 seed profile that includes 1GB of free data for the U.S., plus 100MB of Global Data and also allows ""], ""network_type"": [""roaming_signal: Android Support - The EIOTCLUB eSIM card is pre-cut into three sizes (Standard, Micro, Nano) to fit most Android phone(not for carrier-locked phone), enabling roaming functionality"", ""insufficient_or_conflicting_signals(local=0, roaming=1)""], ""network_generation"": [""fallback_5g: source:image_alt: EIOTCLUB Data Only SIM Card for Mobile Hotspots, Routers, Tablets & Laptops | 5G/4G LTE Network in USA Coverage, 1GB 30Day, No Contract, Pre-Cut Size Standard/Mic"", ""fallback_4g_lte: source:image_alt: EIOTCLUB Data Only SIM Card for Mobile Hotspots, Routers, Tablets & Laptops | 5G/4G LTE Network in USA Coverage, 1GB 30Day, No Contract, Pre-Cut Size Standard/Mic"", ""fallback_only_network_generation_signal""], ""review_count"": [""detail_page: 7 global ratings""], ""is_bestseller"": [""Best Sellers Rank #123,950 in Cell Phones & Accessories ( See Top 100 in Cell Phones & Accessories ) #280 in Cell Phone SIM Cards""], ""bestseller_rank"": [""Best Sellers Rank #123,950 in Cell Phones & Accessories ( See Top 100 in Cell Phones & Accessories ) #280 in Cell Phone SIM Cards""], ""title"": [""EIOTCLUB Physical eSIM Card 1.2GB a Year, Unlimited eSIM Downloads, eSIM Adapter for Global Europe/USA/Japan/China/etc, Pre-Cut for Easy Use""]}"
amazon_us,jp,"Asia eSIM 30 Days 15GB for Japan, South Korea, Singapore, Total 10 Asia Countries, High-Speed 4G/5G Data, Hotspot Supported, Quick Activation, Prepaid eSIM for Travel, Business, etc.",23.74,291,,,,True,549,30일,30일,30일,unknown,5g_capable,"{""docomo"": true, ""au"": null, ""softbank"": null, ""rakuten"": null}",15GB,https://www.amazon.com/15GB-Singapore-Countries-High-Speed-Activation/dp/B0FL81NG14,B0FL81NG14,B0FL81NG14,Starway Mobile,Visit the ＵＲＯＺＥＴＴＡ Store,"{""price_usd"": [""$23.74""], ""usage_validity"": [""Asia eSIM 30 Days 15GB for Japan, South Korea, Singapore, Total 10 Asia Countries, High-Speed 4G/5G Data, Hotspot Supported, Quick Activation, Prepaid eSIM for Travel, Business, et""], ""activation_validity"": [""With this Asia Travel eSIM, you can contact your family, your friends any time. Providing 15GB of high-speed 4G/LTE data for 30 days. Totally you can use 15GB high speed data. Acti""], ""data_amount"": [""📱15GB 30 Days eSIM for Aisa: Enjoy a total of 15GB of high-speed 4G/5G premium network, support hotspot sharing, no SIM card required, no calls and SMS. After 15GB high-speed traff""], ""network_type"": [""roaming_signal: ⚡Super Simple Code Activation: After purchase, you will receive a small package containing the operation manual, connect to Wi-Fi and scan the QR code attached to the eSIM, install""], ""network_generation"": [""product_detail_5g: source:feature_bullets: 📱15GB 30 Days eSIM for Aisa: Enjoy a total of 15GB of high-speed 4G/5G premium network, support hotspot sharing, no SIM card required, no calls and SMS. Aft"", ""product_detail_5g: source:feature_bullets: 🌐High-speed 4G/5G Network Guaranteed: High coverage from multiple carriers in Asia for stable connectivity even in remote areas. Ensures you can smoothly br"", ""product_detail_4g_lte_signal_present_but_5g_capable_takes_precedence""], ""carrier_support_local"": [""NTT docomo: Japan SIM Card 30 Days Data Only | 50GB High-Speed 4G LTE + Unlimited Data at Reduced Speed | No Roaming Needed for Faster, Safer Access | Hotspot tet""], ""review_count"": [""detail_page: 291""], ""is_bestseller"": [""Best Sellers Rank #249,392 in Cell Phones & Accessories ( See Top 100 in Cell Phones & Accessories ) #549 in Cell Phone SIM Cards""], ""bestseller_rank"": [""Best Sellers Rank #249,392 in Cell Phones & Accessories ( See Top 100 in Cell Phones & Accessories ) #549 in Cell Phone SIM Cards""], ""title"": [""Asia eSIM 30 Days 15GB for Japan, South Korea, Singapore, Total 10 Asia Countries, High-Speed 4G/5G Data, Hotspot Supported, Quick Activation, Prepaid eSIM for Travel, Business, etc.""]}"
amazon_us,jp,"Japan eSIM Card for Travelers,10 Days Plan,Daily 2GB Unlimited Data,High-Speed 4/5G, No Roaming Charges | Perfect for Japanese Trips",20.99,4,,,,True,733,10일,10일,,unknown,lte_4g_only,"{""docomo"": true, ""au"": true, ""softbank"": null, ""rakuten"": null}",unlimited,https://www.amazon.com/10-Days-Daily-2GB-High-Speed/dp/B0DSDMRYHQ,B0DSDMRYHQ,B0DSDMRYHQ,Mossroam,Visit the mossroam Store,"{""price_usd"": [""$20.99""], ""usage_validity"": [""Japan eSIM Card for Travelers,10 Days Plan,Daily 2GB Unlimited Data,High-Speed 4/5G, No Roaming Charges | Perfect for Japanese Trips""], ""data_amount"": [""Digital Nomads: Work from anywhere in Japan with access to fast, unlimited data.""], ""network_type"": [""local_signal: Tourists: Stay connected as you explore Japan’s cultural landmarks, enjoy local cuisine, or travel between cities"", ""insufficient_or_conflicting_signals(local=1, roaming=-2)""], ""network_generation"": [""product_info_cellular_4g_lte: source:product_info_cellular: Cellular Technology LTE"", ""product_info_cellular_4g_lte: source:product_info_cellular: Cellular Technology LTE""], ""carrier_support_local"": [""NTT docomo: Japan Data ONLY SIM Card 15 Days | Unlimited Internet Data (10GB at 4G LTE High Speed Data Then downgrade to 128kbps) |Docomo"", ""NTT docomo: 【JP Smart SIM】 eSIM for Japan (Data-only, no Call/SMS) | 15 Days 10 GB | IIJ Docomo..."", ""au (KDDI): 【JP Smart SIM】 eSIM for Japan (Data-only, no Call/SMS) | 7 Days 2GB/Day |【KDDI/Soft..."", ""au (KDDI): 【JP Smart SIM】 eSIM for Japan (Data-only, no Call/SMS) | 7 Days 2GB/Day |【KDDI/Soft..."", ""NTT docomo: 【JP Smart SIM】 eSIM for Japan (Data-only, no Call/SMS) | 15 Days 10 GB | IIJ Docomo...""], ""review_count"": [""detail_page: 4 global ratings""], ""is_bestseller"": [""Best Sellers Rank #342,445 in Cell Phones & Accessories ( See Top 100 in Cell Phones & Accessories ) #733 in Cell Phone SIM Cards""], ""bestseller_rank"": [""Best Sellers Rank #342,445 in Cell Phones & Accessories ( See Top 100 in Cell Phones & Accessories ) #733 in Cell Phone SIM Cards""], ""title"": [""Japan eSIM Card for Travelers,10 Days Plan,Daily 2GB Unlimited Data,High-Speed 4/5G, No Roaming Charges | Perfect for Japanese Trips""]}"
amazon_us,jp,"Asia eSIM – Travel Data eSIM for Asia | Prepaid Mobile Data | No Roaming Fees | Instant Delivery | Works in Japan, Thailand, China, Singapore & 20 Countries | 30 Days (20GB)",20.0,1319,,,,True,1293,30일,30일,,local,unknown,"{""docomo"": null, ""au"": null, ""softbank"": null, ""rakuten"": null}",20GB,https://www.amazon.com/Sims4Travel-Asia-eSIM-Singapore-Countries/dp/B0GY93RGDQ,B0GY93RGDQ,B0GY93RGDQ,SIMS4TRAVEL,Visit the Sims4Travel Store,"{""price_usd"": [""$20.00""], ""usage_validity"": [""Asia eSIM – Travel Data eSIM for Asia | Prepaid Mobile Data | No Roaming Fees | Instant Delivery | Works in Japan, Thailand, China, Singapore & 20 Countries | 30 Days (20GB)""], ""data_amount"": [""Amazon.com: Sims4Travel Asia eSIM – Travel Data eSIM for Asia | Prepaid Mobile Data | No Roaming Fees | Instant Delivery | Works in Japan, Thailand, China, Singapore & 20 Countries""], ""network_type"": [""✈️ TRAVEL READY ACTIVATION: Activate before you travel so your data works on arrival. No queues, no local SIM shops, no delays."", ""Stay connected throughout your trip across Asia with the Sims4Travel Asia eSIM, designed for travellers who want reliable mobile data across multiple countries without expensive ro"", ""score: local=4, roaming=-1""], ""network_generation"": [""fallback_5g: source:image_alt: Ultra Mobile Unlimited SIM Kit, 1-Month Plan on the T-Mobile 5G Network | Unlimited calling to 90+ international destinations, U.S. talk, global text, hotspot, Wi"", ""fallback_4g_lte: source:image_alt: KiwiSIM USA Data SIM Card, 12GB 180 Days, 4G LTE SIM Support for 3 Network | SIM for Unlocked Security Cameras, Trail Cameras, GPS Trackers and IoT Devices, Activ"", ""fallback_only_network_generation_signal""], ""review_count"": [""detail_page: 1,319""], ""is_bestseller"": [""Best Sellers Rank #744,402 in Cell Phones & Accessories ( See Top 100 in Cell Phones & Accessories ) #1,293 in Cell Phone SIM Cards""], ""bestseller_rank"": [""Best Sellers Rank #744,402 in Cell Phones & Accessories ( See Top 100 in Cell Phones & Accessories ) #1,293 in Cell Phone SIM Cards""], ""title"": [""Asia eSIM – Travel Data eSIM for Asia | Prepaid Mobile Data | No Roaming Fees | Instant Delivery | Works in Japan, Thailand, China, Singapore & 20 Countries | 30 Days (20GB)""]}"
amazon_us,jp,Prepaid Sim Card for Japan | Total 10GB High-Speed + Unlimited Data at Basic Speed | Japan Sim Card 15 Days | Hotspot Tethering | 3-in-1 SIM | Easy Setup,15.99,2,,,,True,432,15일,15일,30일,local,lte_4g_only,"{""docomo"": true, ""au"": true, ""softbank"": true, ""rakuten"": null}",10GB,https://www.amazon.com/High-Speed-Unlimited-15-Days-Tethering/dp/B0F92W5JV6,B0F92W5JV6,B0F92W5JV6,Jethro Trading Ltd.,Visit the JETSIM Store,"{""price_usd"": [""$15.99""], ""usage_validity"": [""Prepaid Sim Card for Japan | Total 10GB High-Speed + Unlimited Data at Basic Speed | Japan Sim Card 15 Days | Hotspot Tethering | 3-in-1 SIM | Easy Setup""], ""activation_validity"": [""Product description How do I activate the SIM card? Once you receive your SIM card, simply complete the activation form and we will activate your plan. When you arrive at your dest""], ""data_amount"": [""Total 10GB High-Speed Data + Unlimited Basic Data Stay connected in Japan with high-speed data and unlimited reduced-speed data—perfect for maps, social media, and email.""], ""network_type"": [""Product description How do I activate the SIM card? Once you receive your SIM card, simply complete the activation form and we will activate your plan. When you arrive at your dest"", ""score: local=3, roaming=-2""], ""network_generation"": [""product_info_cellular_4g_lte: source:product_info_cellular: Cellular Technology 4G"", ""product_info_cellular_4g_lte: source:product_info_cellular: Cellular Technology 4G""], ""carrier_support_local"": [""NTT docomo: Japan Data ONLY SIM Card 15 Days | Unlimited Internet Data (10GB at 4G LTE High Speed Data Then downgrade to 128kbps) |Docomo"", ""au (KDDI): Japan Travel eSIM Card 7 Days Unlimited KDDI 5G/4G Data Only | Prepaid SIM | QR Code | High-Speed Data | Japan SIM | No Physical SIM Required | Nippon"", ""NTT docomo: Japan SIM Card 30 Days Data Only | 50GB High-Speed 4G LTE + Unlimited Data at Reduced Speed | No Roaming Needed for Faster, Safer Access | Hotspot tet"", ""NTT docomo: Japan SIM Card 15 Days Data Only | 10GB High-Speed 4G LTE + Unlimited Data at Reduced Speed | No Roaming Needed for Faster, Safer Access | Hotspot tet"", ""NTT docomo, SoftBank: JetSim eSIM Japan 30 Days | Japan SIM Card Unlimited Data with Total 30GB(1GB/Day) High-Speed | Instant QR Delivery | Docomo/SoftBank Network | Japane"", ""NTT docomo, SoftBank: JetSim eSIM Japan 15 Days | Japan SIM Card Unlimited Data with Total 10GB High-Speed | Instant QR Delivery | Docomo/SoftBank Network | Japanese Sim Ca""], ""review_count"": [""detail_page: 2 global ratings""], ""is_bestseller"": [""Best Sellers Rank #191,526 in Cell Phones & Accessories ( See Top 100 in Cell Phones & Accessories ) #432 in Cell Phone SIM Cards""], ""bestseller_rank"": [""Best Sellers Rank #191,526 in Cell Phones & Accessories ( See Top 100 in Cell Phones & Accessories ) #432 in Cell Phone SIM Cards""], ""title"": [""Prepaid Sim Card for Japan | Total 10GB High-Speed + Unlimited Data at Basic Speed | Japan Sim Card 15 Days | Hotspot Tethering | 3-in-1 SIM | Easy Setup""]}"
amazon_us,jp,"Physical Nano eSIM Card for Unlocked Phones,Free 1GB Global Data",23.99,24,,,,True,547,30일,30일,,roaming,lte_4g_only,"{""docomo"": null, ""au"": null, ""softbank"": null, ""rakuten"": null}",1GB,https://www.amazon.com/Linklan-Physical-Unlocked-Phones-Global/dp/B0HBW8337K,B0HBW8337K,B0HBW8337K,LinklaneSIM,Visit the Linklan Store,"{""price_usd"": [""$23.99""], ""usage_validity"": [""【Free 1G 30Days Global eSIM WiFi Hostspot】Linklan eSIM data card comes with 1GB 30Days free global data,which can be used in international trip in other countries,like Europe, Japa""], ""data_amount"": [""【Free 1G 30Days Global eSIM WiFi Hostspot】Linklan eSIM data card comes with 1GB 30Days free global data,which can be used in international trip in other countries,like Europe, Japa""], ""network_type"": [""【Compatibility】The Linklan eSIM card comes in Nano-SIM size and works with most unlocked Android phones and iPhones equipped with a physical Nano-SIM card slot. No card reader is r"", ""score: local=0, roaming=3""], ""network_generation"": [""product_info_cellular_4g_lte: source:product_info_cellular: Cellular Technology LTE"", ""product_info_cellular_4g_lte: source:product_info_cellular: Cellular Technology LTE""], ""review_count"": [""detail_page: 24 global ratings""], ""is_bestseller"": [""Best Sellers Rank #248,819 in Cell Phones & Accessories ( See Top 100 in Cell Phones & Accessories ) #547 in Cell Phone SIM Cards""], ""bestseller_rank"": [""Best Sellers Rank #248,819 in Cell Phones & Accessories ( See Top 100 in Cell Phones & Accessories ) #547 in Cell Phone SIM Cards""], ""title"": [""Physical Nano eSIM Card for Unlocked Phones,Free 1GB Global Data""]}"
amazon_us,jp,Asia eSIM 30 Days 20GB | High-Speed 4G/5G Travel Data | Access eSIM via Instasim | Hotspot Supported | Supports Social & Navigation Apps | Data Only | 24/6 Support,13.99,2,,,,True,127,30일,30일,30일,roaming,5g_capable,"{""docomo"": null, ""au"": true, ""softbank"": null, ""rakuten"": null}",20GB,https://www.amazon.com/30-High-Speed-Instasim-Supported-Navigation/dp/B0H4HLCDQK,B0H4HLCDQK,B0H4HLCDQK,TSIM Cards,Visit the TSIM Store,"{""price_usd"": [""$13.99""], ""usage_validity"": [""Asia eSIM 30 Days 20GB | High-Speed 4G/5G Travel Data | Access eSIM via Instasim | Hotspot Supported | Supports Social & Navigation Apps | Data Only | 24/6 Support""], ""activation_validity"": [""5G/4G HIGH-SPEED TRAVEL DATA eSIM - Available for hotspot tethering on eSIM-compatible smartphones - No phone number included; data usage managed via Instasim - No additional physi""], ""data_amount"": [""HIGH-SPEED 4G/5G TRAVEL DATA FOR 30 DAYS: Enjoy 20GB of mobile data valid for 30 days, ideal for navigation, messaging, browsing, and social media use while traveling across Asia""], ""network_type"": [""5G/4G HIGH-SPEED TRAVEL DATA eSIM - Available for hotspot tethering on eSIM-compatible smartphones - No phone number included; data usage managed via Instasim - No additional physi"", ""score: local=0, roaming=3""], ""network_generation"": [""product_detail_5g: source:feature_bullets: HIGH-SPEED 4G/5G TRAVEL DATA FOR 30 DAYS: Enjoy 20GB of mobile data valid for 30 days, ideal for navigation, messaging, browsing, and social media use while"", ""product_detail_5g: source:product_description: 5G/4G HIGH-SPEED TRAVEL DATA eSIM - Available for hotspot tethering on eSIM-compatible smartphones - No phone number included; data usage managed via In""], ""carrier_support_local"": [""au (KDDI): Japan Travel eSIM Card 7 Days Unlimited KDDI 5G/4G Data Only | Prepaid SIM | QR Code | High-Speed Data | Japan SIM | No Physical SIM Required | Nippon""], ""review_count"": [""detail_page: 2 global ratings""], ""is_bestseller"": [""Best Sellers Rank #57,255 in Cell Phones & Accessories ( See Top 100 in Cell Phones & Accessories ) #127 in Cell Phone SIM Cards""], ""bestseller_rank"": [""Best Sellers Rank #57,255 in Cell Phones & Accessories ( See Top 100 in Cell Phones & Accessories ) #127 in Cell Phone SIM Cards""], ""title"": [""Asia eSIM 30 Days 20GB | High-Speed 4G/5G Travel Data | Access eSIM via Instasim | Hotspot Supported | Supports Social & Navigation Apps | Data Only | 24/6 Support""]}"
amazon_us,jp,Orange World eSIM 31 Days 20GB High-Speed Data | 15 Min International Calls + 50 SMS | Coverage in 200+ Countries & Regions | 5G / 4G LTE Supported | Hotspot Supported,28.99,7,,,,True,360,3일,3일,31일,unknown,lte_4g_only,"{""docomo"": null, ""au"": null, ""softbank"": null, ""rakuten"": null}",20GB,https://www.amazon.com/High-Speed-International-Coverage-Countries-Supported/dp/B0H3651TCS,B0H3651TCS,B0H3651TCS,BillionConnect,Visit the Billion Connect Store,"{""price_usd"": [""$28.99""], ""usage_validity"": [""【Plan Validity】 The validity period starts on the day the eSIM is activated and is calculated by calendar days (GMT+8). Example: Activate a 3-day plan on October 1 → Valid until 11""], ""activation_validity"": [""Orange World eSIM 31 Days 20GB High-Speed Data | 15 Min International Calls + 50 SMS | Coverage in 200+ Countries & Regions | 5G / 4G LTE Supported | Hotspot Supported""], ""data_amount"": [""【World eSIM | 31 Days 20GB Data】 20GB high-speed data valid for 31 days. Supports 5G / 4G LTE and hotspot sharing. After high-speed data is used up, internet access continues at 12""], ""network_type"": [""no_local_or_roaming_keyword_matched""], ""network_generation"": [""product_info_cellular_4g_lte: source:product_info_cellular: Cellular Technology LTE"", ""product_info_cellular_4g_lte: source:product_info_cellular: Cellular Technology LTE""], ""review_count"": [""detail_page: 7 global ratings""], ""is_bestseller"": [""Best Sellers Rank #161,746 in Cell Phones & Accessories ( See Top 100 in Cell Phones & Accessories ) #360 in Cell Phone SIM Cards""], ""bestseller_rank"": [""Best Sellers Rank #161,746 in Cell Phones & Accessories ( See Top 100 in Cell Phones & Accessories ) #360 in Cell Phone SIM Cards""], ""title"": [""Orange World eSIM 31 Days 20GB High-Speed Data | 15 Min International Calls + 50 SMS | Coverage in 200+ Countries & Regions | 5G / 4G LTE Supported | Hotspot Supported""]}"
amazon_us,jp,Japan Sim Card 30Days | Sim Japan Unlimited Data for Internet Japan | JetSim Japan Sim for Japan Travel SIM Card,29.99,43,,,,True,503,30일,30일,30일,local,lte_4g_only,"{""docomo"": null, ""au"": null, ""softbank"": null, ""rakuten"": null}",1GB,https://www.amazon.com/JetSim-Japan-Travel-SIM-Card/dp/B0F1SNXGGD,B0F1SNXGGD,B0F1SNXGGD,Jethro Trading Ltd.,Visit the JETSIM Store,"{""price_usd"": [""$29.99""], ""usage_validity"": [""Japan Sim Card 30Days | Sim Japan Unlimited Data for Internet Japan | JetSim Japan Sim for Japan Travel SIM Card""], ""activation_validity"": [""Product description How do I activate the SIM card? Once you receive your SIM card, simply complete the activation form and we will activate your plan. When you arrive at your dest""], ""data_amount"": [""[Fast & Reliable Data] 1GB high-speed daily + unlimited basic data for 30 days—ideal for maps, social media, and emails.""], ""network_type"": [""Product description How do I activate the SIM card? Once you receive your SIM card, simply complete the activation form and we will activate your plan. When you arrive at your dest"", ""score: local=3, roaming=0""], ""network_generation"": [""product_info_cellular_4g_lte: source:product_info_cellular: Cellular Technology 4G"", ""product_info_cellular_4g_lte: source:product_info_cellular: Cellular Technology 4G""], ""review_count"": [""detail_page: 43""], ""is_bestseller"": [""Best Sellers Rank #225,648 in Cell Phones & Accessories ( See Top 100 in Cell Phones & Accessories ) #503 in Cell Phone SIM Cards""], ""bestseller_rank"": [""Best Sellers Rank #225,648 in Cell Phones & Accessories ( See Top 100 in Cell Phones & Accessories ) #503 in Cell Phone SIM Cards""], ""title"": [""Japan Sim Card 30Days | Sim Japan Unlimited Data for Internet Japan | JetSim Japan Sim for Japan Travel SIM Card""]}"
amazon_us,jp,"V3 Flagship eSIM Card for Unlocked Android, 1.5MB Storage - SIM to eSIM Adapter, 50 Profiles, Premium Chip, Offline STK Menu, Unlimited Downloads, Pre-Cut, Global Travel USA/Europe/Japan/China",34.99,207,,,,True,24,180일,180일,,unknown,unknown,"{""docomo"": true, ""au"": null, ""softbank"": null, ""rakuten"": null}",1GB,https://www.amazon.com/9eSIM-Flagship-eSIM-Unlocked-Android/dp/B0DWSMSCT1,B0DWSMSCT1,B0DWSMSCT1,9esim Official Store,Visit the 9esim Store,"{""price_usd"": [""$34.99""], ""usage_validity"": [""[eSIM] Japan eSIM 180 Days Data Only SIM | 30GB High-Speed 4G LTE + Unlimited Data at Reduced Speed | No Roaming Needed for Faster, Safer Access | Hotspot tethering Supported | Doc""], ""data_amount"": [""50 ESIM PROFILES–INDUSTRY HIGHEST + 1GB FREE DATA： This ultimate international travel eSIM card has 1.5MB ultra‑large storage for 50 eSIM profiles – more than any consumer eSIM car""], ""network_type"": [""roaming_signal: Product description IMPORTANT COMPATIBILITY NOTE For Android users: Most unlocked Android phones work directly with the 9eSIM card. Download the free 9eSIM App from Google Play. Wh"", ""insufficient_or_conflicting_signals(local=0, roaming=-1)""], ""network_generation"": [""fallback_5g: source:image_alt: EIOTCLUB SIM Card for Data Only, 5G/4G LTE USA Compatible with Nationwide Networks for Security, Hunting Trail Game Cameras - No Contract Wireless-Triple Cut Size"", ""fallback_4g_lte: source:image_alt: EIOTCLUB SIM Card for Data Only, 5G/4G LTE USA Compatible with Nationwide Networks for Security, Hunting Trail Game Cameras - No Contract Wireless-Triple Cut Size"", ""fallback_only_network_generation_signal""], ""carrier_support_local"": [""NTT docomo: [eSIM] Japan eSIM 180 Days Data Only SIM | 30GB High-Speed 4G LTE + Unlimited Data at Reduced Speed | No Roaming Needed for Faster, Safer Access | Hot""], ""review_count"": [""detail_page: 207 global ratings""], ""is_bestseller"": [""Best Sellers Rank #27,070 in Cell Phones & Accessories ( See Top 100 in Cell Phones & Accessories ) #24 in Cell Phone SIM Card Tools & Accessories #86 in Cell Phone SIM Cards""], ""bestseller_rank"": [""Best Sellers Rank #27,070 in Cell Phones & Accessories ( See Top 100 in Cell Phones & Accessories ) #24 in Cell Phone SIM Card Tools & Accessories #86 in Cell Phone SIM Cards""], ""title"": [""V3 Flagship eSIM Card for Unlocked Android, 1.5MB Storage - SIM to eSIM Adapter, 50 Profiles, Premium Chip, Offline STK Menu, Unlimited Downloads, Pre-Cut, Global Travel USA/Europe/Japan/China""]}"
amazon_us,jp,"V0 eSIM Card for Unlocked Android, 480KB Storage - SIM to eSIM Adapter, 15 Profiles, Offline STK Menu, Unlimited Downloads, Pre-Cut Nano/Micro/Standard, Global Travel USA/Europe/Japan/China",19.99,149,,,,True,43,15일,15일,,local,unknown,"{""docomo"": null, ""au"": null, ""softbank"": null, ""rakuten"": null}",unlimited,https://www.amazon.com/Physical-Profiles-Unlocked-Unlimited-Downloads/dp/B0FFMJPQB6,B0FFMJPQB6,B0FFMJPQB6,9esim Official Store,Visit the 9esim Store,"{""price_usd"": [""$19.99""], ""usage_validity"": [""Europe eSIM 15 Days 10GB | 5G/4G LTE | Hotspot Sharing | Compatible with TikTok, Ch...""], ""data_amount"": [""15 ESIM PROFILES–YOUR INTERNATIONAL TRAVEL ESIM CARD： This 9eSIM V0 international travel eSIM card offers 480KB storage for up to 15 eSIM profiles with unlimited downloads and rewr""], ""network_type"": [""15 ESIM PROFILES–YOUR INTERNATIONAL TRAVEL ESIM CARD： This 9eSIM V0 international travel eSIM card offers 480KB storage for up to 15 eSIM profiles with unlimited downloads and rewr"", ""score: local=3, roaming=1""], ""network_generation"": [""fallback_5g: source:image_alt: EIOTCLUB SIM Card for Data Only, 5G/4G LTE USA Compatible with Nationwide Networks for Security, Hunting Trail Game Cameras - No Contract Wireless-Triple Cut Size"", ""fallback_4g_lte: source:image_alt: EIOTCLUB SIM Card for Data Only, 5G/4G LTE USA Compatible with Nationwide Networks for Security, Hunting Trail Game Cameras - No Contract Wireless-Triple Cut Size"", ""fallback_only_network_generation_signal""], ""review_count"": [""detail_page: 149 global ratings""], ""is_bestseller"": [""Best Sellers Rank #40,972 in Cell Phones & Accessories ( See Top 100 in Cell Phones & Accessories ) #43 in Cell Phone SIM Card Tools & Accessories""], ""bestseller_rank"": [""Best Sellers Rank #40,972 in Cell Phones & Accessories ( See Top 100 in Cell Phones & Accessories ) #43 in Cell Phone SIM Card Tools & Accessories""], ""title"": [""V0 eSIM Card for Unlocked Android, 480KB Storage - SIM to eSIM Adapter, 15 Profiles, Offline STK Menu, Unlimited Downloads, Pre-Cut Nano/Micro/Standard, Global Travel USA/Europe/Japan/China""]}"
amazon_us,jp,eSIM Card for Unlocked iPhone Android Phones [Upgrade] Global eSIM Adapter,19.9,19,,,50,True,55,30일,30일,,unknown,unknown,"{""docomo"": null, ""au"": null, ""softbank"": null, ""rakuten"": null}",unlimited,https://www.amazon.com/Unlocked-iPhone-Android-Upgrade-Adapter/dp/B0H144QWYC,B0H144QWYC,B0H144QWYC,hilan IoT,Visit the EIOTCLUB Store,"{""price_usd"": [""$19.90""], ""usage_validity"": [""Unlimited eSIM Downloads - The EIOTCLUB eSIM adapter comes pre-installed with 1 seed profile that includes 1GB 30day 200+ countries global datastoring up to 8 eSIM profiles simulta""], ""data_amount"": [""Unlimited eSIM Downloads - The EIOTCLUB eSIM adapter comes pre-installed with 1 seed profile that includes 1GB 30day 200+ countries global datastoring up to 8 eSIM profiles simulta""], ""network_type"": [""local_signal: Product description Previous page International eSIM for global connectivity Only one EIOTCLUB eSIM Card is required, Travel around the world without worries Affordable data plans "", ""insufficient_or_conflicting_signals(local=1, roaming=0)""], ""network_generation"": [""fallback_5g: source:image_alt: Ultra Mobile 12GB Prepaid SIM Kit, 1-Month Plan on the T-Mobile 5G Network | Unlimited calling to 90+ international destinations, U.S. talk, global text, hotspot,"", ""fallback_4g_lte: source:image_alt: Data SIM Card 50GB 365Days Works with Verizon, AT&T and T-Mobile | 4G LTE USA Data ..."", ""fallback_only_network_generation_signal""], ""monthly_sold_count"": [""search_result_fallback: 50""], ""review_count"": [""detail_page: 19 global ratings""], ""is_bestseller"": [""Best Sellers Rank #30,318 in Cell Phones & Accessories ( See Top 100 in Cell Phones & Accessories ) #55 in Cell Phone SIM Cards""], ""bestseller_rank"": [""Best Sellers Rank #30,318 in Cell Phones & Accessories ( See Top 100 in Cell Phones & Accessories ) #55 in Cell Phone SIM Cards""], ""title"": [""eSIM Card for Unlocked iPhone Android Phones [Upgrade] Global eSIM Adapter""]}"
amazon_us,jp,Happy 5G Japan 15 Days Unlimited Data Travel Sim Card | 8GB of 5G High-Speed Data | No Daily Limit | No Registration Required | Easy Activation,17.99,6,,,,True,458,15일,15일,,unknown,5g_capable,"{""docomo"": true, ""au"": true, ""softbank"": true, ""rakuten"": null}",unlimited,https://www.amazon.com/Unlimited-High-Speed-Registration-Required-Activation/dp/B0DQ3PSWC6,B0DQ3PSWC6,B0DQ3PSWC6,HAPPY SIM,Visit the HAPPY TELECOM Store,"{""price_usd"": [""$17.99""], ""usage_validity"": [""Happy 5G Japan 15 Days Unlimited Data Travel Sim Card | 8GB of 5G High-Speed Data | No Daily Limit | No Registration Required | Easy Activation""], ""data_amount"": [""▶ KDDI + Softbank (Japan) 3 in 1 sim card fits for most phones - plug and use, no registration is required- unlimited data service, after the usage reaches 8GB, service continues a""], ""network_type"": [""local_signal: ▶ Turn on the roaming data & local data in order to use the data services, Ensure wifi is OFF at this moment; flight mode is OFF; network mode select 5G/LTE/3G/2G"", ""roaming_signal: ▶ Turn on the roaming data & local data in order to use the data services, Ensure wifi is OFF at this moment; flight mode is OFF; network mode select 5G/LTE/3G/2G"", ""insufficient_or_conflicting_signals(local=1, roaming=0)""], ""network_generation"": [""product_info_cellular_5g: source:product_info_cellular: Cellular Technology 5G"", ""product_info_cellular_5g: source:product_info_cellular: Cellular Technology 5G""], ""carrier_support_local"": [""au (KDDI), SoftBank: ▶ KDDI + Softbank (Japan) 3 in 1 sim card fits for most phones - plug and use, no registration is required- unlimited data service, after the usage re"", ""au (KDDI), SoftBank: Service Provider KDDI, Softbank"", ""NTT docomo: [eSIM] Japan eSIM 180 Days Data Only SIM | 15GB High-Speed 4G LTE + Unlimited Data at Reduced Speed | No Roaming Needed for Faster, Safer Access | Hot"", ""NTT docomo: Japan SIM Card 15 Days Data Only | 10GB High-Speed 4G LTE + Unlimited Data at Reduced Speed | No Roaming Needed for Faster, Safer Access | Hotspot tet""], ""review_count"": [""detail_page: 6 global ratings""], ""is_bestseller"": [""Best Sellers Rank #203,584 in Cell Phones & Accessories ( See Top 100 in Cell Phones & Accessories ) #458 in Cell Phone SIM Cards""], ""bestseller_rank"": [""Best Sellers Rank #203,584 in Cell Phones & Accessories ( See Top 100 in Cell Phones & Accessories ) #458 in Cell Phone SIM Cards""], ""title"": [""Happy 5G Japan 15 Days Unlimited Data Travel Sim Card | 8GB of 5G High-Speed Data | No Daily Limit | No Registration Required | Easy Activation""]}"
amazon_us,jp,Happy 5G Japan 30 Days Unlimited Data Travel Sim Card | 15GB of 5G High-Speed Data Then 128kbps | No Daily Limit | No Registration Required | Easy Activation,17.99,6,,,,True,279,30일,30일,30일,unknown,5g_capable,"{""docomo"": true, ""au"": true, ""softbank"": true, ""rakuten"": null}",unlimited,https://www.amazon.com/Unlimited-High-Speed-Registration-Required-Activation/dp/B0FL1V4R5D,B0FL1V4R5D,B0FL1V4R5D,HAPPY SIM,Visit the HAPPY TELECOM Store,"{""price_usd"": [""$17.99""], ""usage_validity"": [""Happy 5G Japan 30 Days Unlimited Data Travel Sim Card | 15GB of 5G High-Speed Data Then 128kbps | No Daily Limit | No Registration Required | Easy Activation""], ""activation_validity"": [""UK SIM Card | Unlimited UK Data | O2 UK Network | 30-Day Prepaid SIM | Activate Bef...""], ""data_amount"": [""▶ KDDI + Softbank (Japan) 3 in 1 sim card fits for most phones - plug and use, no registration is required- unlimited data service, after the usage reaches 15GB, service continues ""], ""network_type"": [""local_signal: ▶ Turn on the roaming data & local data in order to use the data services, Ensure wifi is OFF at this moment; flight mode is OFF; network mode select 5G/LTE/3G/2G."", ""roaming_signal: ▶ Turn on the roaming data & local data in order to use the data services, Ensure wifi is OFF at this moment; flight mode is OFF; network mode select 5G/LTE/3G/2G."", ""insufficient_or_conflicting_signals(local=1, roaming=0)""], ""network_generation"": [""product_info_cellular_5g: source:product_info_cellular: Cellular Technology 5G"", ""product_info_cellular_5g: source:product_info_cellular: Cellular Technology 5G""], ""carrier_support_local"": [""au (KDDI), SoftBank: ▶ KDDI + Softbank (Japan) 3 in 1 sim card fits for most phones - plug and use, no registration is required- unlimited data service, after the usage re"", ""NTT docomo: Japan SIM Card 180 Days Data Only | 30GB High-Speed 4G LTE + Unlimited Data at Reduced Speed | No Roaming Needed for Faster, Safer Access | Hotspot te"", ""SoftBank: Japan Travel eSIM Card 10GB SoftBank 5G/4G LTE Data Only | Prepaid SIM | QR Code | High-Speed Data | Japan SIM | No Physical SIM Required | Nippon SIM""], ""review_count"": [""detail_page: 6 global ratings""], ""is_bestseller"": [""Best Sellers Rank #123,912 in Cell Phones & Accessories ( See Top 100 in Cell Phones & Accessories ) #279 in Cell Phone SIM Cards""], ""bestseller_rank"": [""Best Sellers Rank #123,912 in Cell Phones & Accessories ( See Top 100 in Cell Phones & Accessories ) #279 in Cell Phone SIM Cards""], ""title"": [""Happy 5G Japan 30 Days Unlimited Data Travel Sim Card | 15GB of 5G High-Speed Data Then 128kbps | No Daily Limit | No Registration Required | Easy Activation""]}"
amazon_us,jp,Japan Data SIM Card 14Days 10GB for Travel | Prepaid 4G High-Speed Network | Japan Nationwide Coverage | Hotspot Sharing Allowed | Networks Triple Cut 3-in-1 | No Calls or Text Messages,19.99,5,,,,True,629,14일,14일,,unknown,lte_4g_only,"{""docomo"": true, ""au"": null, ""softbank"": null, ""rakuten"": null}",10GB,https://www.amazon.com/10GB-High-Speed-Nationwide-Coverage-Networks/dp/B0FGXDPQFQ,B0FGXDPQFQ,B0FGXDPQFQ,Starway Mobile,Visit the ＵＲＯＺＥＴＴＡ Store,"{""price_usd"": [""$19.99""], ""usage_validity"": [""Japan Data SIM Card 14Days 10GB for Travel | Prepaid 4G High-Speed Network | Japan Nationwide Coverage | Hotspot Sharing Allowed | Networks Triple Cut 3-in-1 | No Calls or Text Mes""], ""data_amount"": [""【Prepaid Data SIM Card】This Japan SIM card provides 10GB of data for 30 days, allowing you to enjoy high-speed 4G data on multiple reliable networks in Japan. Beyond 10GB, you can ""], ""network_type"": [""roaming_signal: 【How to Use】Simply insert the SIM card into your device, confirm the correct APN settings, and enable roaming to access the network. Data only, no calls or texts (no phone number).""], ""network_generation"": [""product_detail_4g_lte: source:feature_bullets: 【Safe and Reliable】This SIM card provides seamless 4G/LTE high-speed network access nationwide in Japan, with no contract, activation fee, or additional cha"", ""product_detail_4g_lte: source:product_description: Japan 10GB Prepaid Data SIM – 30 Days Get 10GB of high-speed 4G data for 30 days on reliable networks across Japan. After 10GB, enjoy unlimited data at ""], ""carrier_support_local"": [""NTT docomo: Japan SIM Card 60 Days Data Only | 90GB High-Speed 4G LTE | No Roaming Needed for Faster, Safer Access | Hotspot tethering Supported | Docomo Network "", ""NTT docomo: Japan SIM Card 30 Days Data Only | 10GB High-Speed 4G LTE + Unlimited Data at Reduced Speed | No Roaming Needed for Faster, Safer Access | Hotspot tet""], ""review_count"": [""detail_page: 5 global ratings""], ""is_bestseller"": [""Best Sellers Rank #290,277 in Cell Phones & Accessories ( See Top 100 in Cell Phones & Accessories ) #629 in Cell Phone SIM Cards""], ""bestseller_rank"": [""Best Sellers Rank #290,277 in Cell Phones & Accessories ( See Top 100 in Cell Phones & Accessories ) #629 in Cell Phone SIM Cards""], ""title"": [""Japan Data SIM Card 14Days 10GB for Travel | Prepaid 4G High-Speed Network | Japan Nationwide Coverage | Hotspot Sharing Allowed | Networks Triple Cut 3-in-1 | No Calls or Text Messages""]}"
amazon_us,jp,"Sim Card Unlimited Data with 15GB High-Speed, Works in 12 Asia-Pacific Countries for 15 Days Including Vietnam, Singapore, Malaysia, Indonesia, and Thailand",26.99,3,,,,True,712,15일,15일,30일,local,5g_capable,"{""docomo"": null, ""au"": null, ""softbank"": null, ""rakuten"": null}",1GB,https://www.amazon.com/Unlimited-High-Speed-Southeast-15-Days/dp/B0F1MPNJ9K,B0F1MPNJ9K,B0F1MPNJ9K,Jethro Trading Ltd.,Visit the JETSIM Store,"{""price_usd"": [""$26.99""], ""usage_validity"": [""Sim Card Unlimited Data with 15GB High-Speed, Works in 12 Asia-Pacific Countries for 15 Days Including Vietnam, Singapore, Malaysia, Indonesia, and Thailand""], ""activation_validity"": [""Product description How do I activate the SIM card? Once you receive your SIM card, simply complete the activation form and we will activate your plan. When you arrive at your dest""], ""data_amount"": [""[Fast & Reliable Data] 1GB high-speed daily + unlimited basic data for 15 days - ideal for maps, social media, and emails.""], ""network_type"": [""Product description How do I activate the SIM card? Once you receive your SIM card, simply complete the activation form and we will activate your plan. When you arrive at your dest"", ""score: local=3, roaming=0""], ""network_generation"": [""product_info_cellular_5g: source:product_info_cellular: Cellular Technology 5G/4G"", ""product_info_cellular_5g: source:product_info_cellular: Cellular Technology 5G/4G""], ""review_count"": [""detail_page: 3 global ratings""], ""is_bestseller"": [""Best Sellers Rank #334,544 in Cell Phones & Accessories ( See Top 100 in Cell Phones & Accessories ) #712 in Cell Phone SIM Cards""], ""bestseller_rank"": [""Best Sellers Rank #334,544 in Cell Phones & Accessories ( See Top 100 in Cell Phones & Accessories ) #712 in Cell Phone SIM Cards""], ""title"": [""Sim Card Unlimited Data with 15GB High-Speed, Works in 12 Asia-Pacific Countries for 15 Days Including Vietnam, Singapore, Malaysia, Indonesia, and Thailand""]}"
amazon_us,jp,"eSIM Korea (30 Days), 20GB High-Speed Data, Travel Data eSIM on South Korea's Top Network SKT, QR Code e-mailed Instantly, No Physical SIM Card, Compatible for iPhones & Androids",24.99,1319,,,,True,272,30일,30일,30일,local,5g_capable,"{""docomo"": true, ""au"": null, ""softbank"": null, ""rakuten"": null}",20GB,https://www.amazon.com/30-Days-High-Speed-Instantly-Compatible/dp/B0F97J6MNN,B0F97J6MNN,B0F97J6MNN,Jethro Trading Ltd.,Visit the JETSIM Store,"{""price_usd"": [""$24.99""], ""usage_validity"": [""eSIM Korea (30 Days), 20GB High-Speed Data, Travel Data eSIM on South Korea's Top Network SKT, QR Code e-mailed Instantly, No Physical SIM Card, Compatible for iPhones & Androids""], ""activation_validity"": [""Product description Can I use my eSIM immediately after purchase? Yes. Simply submit the claim form, and we will deliver your eSIM to your email right away. Do I need to activate m""], ""data_amount"": [""[Fast & Reliable Data] 20GB at high-speed + unlimited basic data for 30 days - ideal for maps, social media, and emails.""], ""network_type"": [""[Instant Activation] Connects automatically with local carriers when you arrive in Korea. No SIM swapping, no setup—just scan and go."", ""score: local=3, roaming=1""], ""network_generation"": [""product_info_cellular_5g: source:product_info_cellular: Cellular Technology 5G/4G"", ""product_info_cellular_5g: source:product_info_cellular: Cellular Technology 5G/4G""], ""carrier_support_local"": [""NTT docomo: [eSIM] Japan eSIM 180 Days Data Only SIM | 15GB High-Speed 4G LTE + Unlimited Data at Reduced Speed | No Roaming Needed for Faster, Safer Access | Hot""], ""review_count"": [""detail_page: 1,319""], ""is_bestseller"": [""Best Sellers Rank #120,590 in Cell Phones & Accessories ( See Top 100 in Cell Phones & Accessories ) #272 in Cell Phone SIM Cards""], ""bestseller_rank"": [""Best Sellers Rank #120,590 in Cell Phones & Accessories ( See Top 100 in Cell Phones & Accessories ) #272 in Cell Phone SIM Cards""], ""title"": [""eSIM Korea (30 Days), 20GB High-Speed Data, Travel Data eSIM on South Korea's Top Network SKT, QR Code e-mailed Instantly, No Physical SIM Card, Compatible for iPhones & Androids""]}"
amazon_us,jp,"Japan SIM Card – Prepaid Data Plans |15GB Total,30 Days | High-Speed 4/5G LTE | No Daily Restrictions | Perfect for Tourists & Business Travelers",23.99,8,,,,True,422,30일,30일,,local,lte_4g_only,"{""docomo"": null, ""au"": null, ""softbank"": null, ""rakuten"": null}",unlimited,https://www.amazon.com/Japan-SIM-Card-High-Speed-Restrictions/dp/B0DSDMVZHT,B0DSDMVZHT,B0DSDMVZHT,Mossroam,Visit the mossroam Store,"{""price_usd"": [""$23.99""], ""usage_validity"": [""Japan SIM Card – Prepaid Data Plans |15GB Total,30 Days | High-Speed 4/5G LTE | No Daily Restrictions | Perfect for Tourists & Business Travelers""], ""data_amount"": [""Low speed data:When the daily/ total data are run out, the data speed would be reduced but not below 384 kbps with unlimited access.""], ""network_type"": [""Hotspot support:Our plans, which are applicable for data internet to use at the country package your purchased. And it is supported by the hotspot,but not come with local number fo"", ""score: local=3, roaming=-2""], ""network_generation"": [""product_info_cellular_4g_lte: source:product_info_cellular: Cellular Technology LTE"", ""product_info_cellular_4g_lte: source:product_info_cellular: Cellular Technology LTE""], ""review_count"": [""detail_page: 8 global ratings""], ""is_bestseller"": [""Best Sellers Rank #186,195 in Cell Phones & Accessories ( See Top 100 in Cell Phones & Accessories ) #422 in Cell Phone SIM Cards""], ""bestseller_rank"": [""Best Sellers Rank #186,195 in Cell Phones & Accessories ( See Top 100 in Cell Phones & Accessories ) #422 in Cell Phone SIM Cards""], ""title"": [""Japan SIM Card – Prepaid Data Plans |15GB Total,30 Days | High-Speed 4/5G LTE | No Daily Restrictions | Perfect for Tourists & Business Travelers""]}"
amazon_us,jp,Japan 5 Days Unlimited Data Travel Sim Card | 3GB of 5G High-Speed Data Prepaid SIM Card | No Daily Limit | No Registration Required | Perfect for Tourists & Business Travelers,5.99,4,,,,True,511,5일,5일,,roaming,5g_capable,"{""docomo"": null, ""au"": null, ""softbank"": null, ""rakuten"": null}",unlimited,https://www.amazon.com/Unlimited-High-Speed-Registration-Required-Activation/dp/B0DY7PSH7D,B0DY7PSH7D,B0DY7PSH7D,HAPPY SIM,Visit the HAPPY TELECOM Store,"{""price_usd"": [""$5.99""], ""usage_validity"": [""Japan 5 Days Unlimited Data Travel Sim Card | 3GB of 5G High-Speed Data Prepaid SIM Card | No Daily Limit | No Registration Required | Perfect for Tourists & Business Travelers""], ""data_amount"": [""▶ 3 in 1 sim card fits for most phones - plug and use, no registration is required- unlimited data service, after the usage reaches 3GB, service continues at a throttled speed of 1""], ""network_type"": [""▶ Turn on the roaming data & local data in order to use the data services, Ensure wifi is OFF at this moment; flight mode is OFF; network mode select 5G/4G LTE/3G/2G"", ""Product description Happy Sim Happy Telecom Our Journey Together We understand that staying connected is an indispensable part of life, whether you're at home or travelling. For ov"", ""score: local=1, roaming=2""], ""network_generation"": [""product_info_cellular_5g: source:product_info_cellular: Cellular Technology 5G"", ""product_info_cellular_5g: source:product_info_cellular: Cellular Technology 5G""], ""review_count"": [""detail_page: 4 global ratings""], ""is_bestseller"": [""Best Sellers Rank #228,683 in Cell Phones & Accessories ( See Top 100 in Cell Phones & Accessories ) #511 in Cell Phone SIM Cards""], ""bestseller_rank"": [""Best Sellers Rank #228,683 in Cell Phones & Accessories ( See Top 100 in Cell Phones & Accessories ) #511 in Cell Phone SIM Cards""], ""title"": [""Japan 5 Days Unlimited Data Travel Sim Card | 3GB of 5G High-Speed Data Prepaid SIM Card | No Daily Limit | No Registration Required | Perfect for Tourists & Business Travelers""]}"
amazon_us,jp,"EIOTCLUB eSIM Card & Reader Bundle, Global Travel in USA/Europe/China/Japan",24.9,62,,,50,True,26,30일,30일,,unknown,unknown,"{""docomo"": true, ""au"": null, ""softbank"": null, ""rakuten"": null}",unlimited,https://www.amazon.com/EIOTCLUB-eSIM-Card-Reader-Bundle/dp/B0DLNBXCCW,B0DLNBXCCW,B0DLNBXCCW,hilan IoT,Visit the EIOTCLUB Store,"{""price_usd"": [""$24.90""], ""usage_validity"": [""EIOTCLUB Data SIM Card for Unlocked IoT Devices, 2GB 30-Day, Dual Network | Unlocked cameras, routers and tablets, USA coverage on compatible 5G/4G LTE networks, triple-cut SIM, no""], ""data_amount"": [""Unlimited eSIM Downloads & Management: The EIOTCLUB eSIM adapter comes pre-installed with 1GB of free U.S. data and 100MB of global data, allowing unlimited downloads and deletions""], ""network_type"": [""insufficient_or_conflicting_signals(local=0, roaming=-2)""], ""network_generation"": [""fallback_5g: source:image_alt: EIOTCLUB SIM Card for Data Only, 5G/4G LTE USA Compatible with Nationwide Networks for Security, Hunting Trail Game Cameras - No Contract Wireless-Triple Cut Size"", ""fallback_4g_lte: source:image_alt: GL.iNet GL-E750V2 MUDI 4G LTE Portable Travel Router with SIM Card Slot | 4G LTE router SIM slot, OpenWrt OpenVPN WireGuard,"", ""fallback_only_network_generation_signal""], ""carrier_support_local"": [""NTT docomo: Japan SIM Card 30 Days Data Only | 10GB High-Speed 4G LTE + Unlimited Data at Reduced Speed | No Roaming Needed for Faster, Safer Access | Hotspot tet""], ""monthly_sold_count"": [""search_result_fallback: 50""], ""review_count"": [""detail_page: 62 global ratings""], ""is_bestseller"": [""Best Sellers Rank #27,648 in Cell Phones & Accessories ( See Top 100 in Cell Phones & Accessories ) #26 in Cell Phone SIM Card Tools & Accessories""], ""bestseller_rank"": [""Best Sellers Rank #27,648 in Cell Phones & Accessories ( See Top 100 in Cell Phones & Accessories ) #26 in Cell Phone SIM Card Tools & Accessories""], ""title"": [""EIOTCLUB eSIM Card & Reader Bundle, Global Travel in USA/Europe/China/Japan""]}"
amazon_us,jp,Jethro Mobile eSIM – 3 Month Prepaid Plan with Unlimited Talk & Text & International Calling | Fast Activation & Nationwide Coverage | No SIM Card Needed,25.0,3,,,,True,128,7일,7일,,local,5g_capable,"{""docomo"": null, ""au"": null, ""softbank"": null, ""rakuten"": null}",unlimited,https://www.amazon.com/Jethro-Mobile-Unlimited-Activation-International/dp/B0CSMTV12N,B0CSMTV12N,B0CSMTV12N,JethroShop,Visit the Jethro Trading Ltd. Store,"{""price_usd"": [""$25.00""], ""usage_validity"": [""[Live Support] Dedicated human assistance available 7 days a week via chat, email, or phone.""], ""data_amount"": [""[Unlimited Talk & Text] Call and message as much as you want—keep in touch without worrying about overages.""], ""network_type"": [""[Easy Activation] Set up your service online or by phone and get a local U.S. number within minutes or keep your existing one."", ""Product description Do I get a local US phone number? Yes, a local US phone number is provided upon activation. Can I use the same phone number for multiple trips? Yes. Just renew "", ""score: local=2, roaming=0""], ""network_generation"": [""product_info_cellular_5g: source:product_info_cellular: Cellular Technology 4G/5G LTE"", ""product_info_cellular_5g: source:product_info_cellular: Cellular Technology 4G/5G LTE"", ""product_info_cellular_4g_lte_signal_present_but_5g_capable_takes_precedence""], ""review_count"": [""detail_page: 3 global ratings""], ""is_bestseller"": [""Best Sellers Rank #57,966 in Cell Phones & Accessories ( See Top 100 in Cell Phones & Accessories ) #128 in Cell Phone SIM Cards""], ""bestseller_rank"": [""Best Sellers Rank #57,966 in Cell Phones & Accessories ( See Top 100 in Cell Phones & Accessories ) #128 in Cell Phone SIM Cards""], ""title"": [""Jethro Mobile eSIM – 3 Month Prepaid Plan with Unlimited Talk & Text & International Calling | Fast Activation & Nationwide Coverage | No SIM Card Needed""]}"
amazon_us,jp,Europe eSIM 30 Days 20GB + Unlimited Local Calls + 30 Min Call Home | eSIM Available in 24 Hours | 48 Countries | 5G Data + Hotspot,19.99,123,,,,True,69,1일,1일,30일,unknown,unknown,"{""docomo"": null, ""au"": null, ""softbank"": null, ""rakuten"": null}",20GB,https://www.amazon.com/20GB-Unlimited-Available-Countries-Hotspot/dp/B0GX6PM9GK,B0GX6PM9GK,B0GX6PM9GK,TSIM Cards,Visit the TSIM Store,"{""price_usd"": [""$19.99""], ""usage_validity"": [""Stay connected across Europe with one travel eSIM built for multi-country trips, easy setup, and everyday travel data use. This Europe eSIM includes 20GB of data for 30 days across""], ""activation_validity"": [""Europe eSIM 30 Days 20GB + Unlimited Local Calls + 30 Min Call Home | eSIM Available in 24 Hours | 48 Countries | 5G Data + Hotspot""], ""data_amount"": [""🌍 EUROPE eSIM WITH 20GB + HOTSPOT: 20GB high-speed data valid for 30 days across Europe, including major tourist destinations like France, Italy, Spain, Germany, Switzerland, Nethe""], ""network_type"": [""local_signal: Europe eSIM 30 Days 20GB + Unlimited Local Calls + 30 Min Call Home | eSIM Available in 24 Hours | 48 Countries | 5G Data + Hotspot"", ""roaming_signal: 📲 AUTO-ACTIVATION & EASY INSTALLATION: Scan or tap-install your eSIM on your unlocked, eSIM-compatible phone before travel. It activates automatically on first use when you arrive "", ""insufficient_or_conflicting_signals(local=10, roaming=2)""], ""network_generation"": [""fallback_5g: source:meta_description: Amazon.com: Europe eSIM 30 Days 20GB + Unlimited Local Calls + 30 Min Call Home | eSIM Available in 24 Hours | 48 Countries | 5G Data + Hotspot : Cell Phon"", ""fallback_4g_lte: source:image_alt: Europe Data ONLY SIM Card 15Days | 25GB of 5G/4G LTE High Speed Prepaid Data Sim Card | Good Connection | REFILLABLE! (25GB /"", ""fallback_only_network_generation_signal""], ""review_count"": [""detail_page: 123 global ratings""], ""is_bestseller"": [""Best Sellers Rank #35,066 in Cell Phones & Accessories ( See Top 100 in Cell Phones & Accessories ) #69 in Cell Phone SIM Cards""], ""bestseller_rank"": [""Best Sellers Rank #35,066 in Cell Phones & Accessories ( See Top 100 in Cell Phones & Accessories ) #69 in Cell Phone SIM Cards""], ""title"": [""Europe eSIM 30 Days 20GB + Unlimited Local Calls + 30 Min Call Home | eSIM Available in 24 Hours | 48 Countries | 5G Data + Hotspot""]}"
amazon_us,jp,"YCTEL Data SIM Card Includes 500MB Trial, 5G/4G LTE No Contract",3.29,3,,,,True,255,7일,7일,,unknown,5g_capable,"{""docomo"": null, ""au"": null, ""softbank"": null, ""rakuten"": null}",12GB,https://www.amazon.com/dp/B0GXTDNKTL,B0GXTDNKTL,B0GXTDNKTL,YCTEL,Brand: Generic,"{""price_usd"": [""$3.29""], ""usage_validity"": [""Flexible Data Plans: The YCTEL SIM card offers a 500MB free trial of data (valid for 7 days, first come, first served), and provides various data plans from 12GB to 144GB, with val""], ""data_amount"": [""Flexible Data Plans: The YCTEL SIM card offers a 500MB free trial of data (valid for 7 days, first come, first served), and provides various data plans from 12GB to 144GB, with val""], ""network_type"": [""no_local_or_roaming_keyword_matched""], ""network_generation"": [""product_info_cellular_5g: source:product_info_cellular: Cellular Technology 4/5G LTE"", ""product_info_cellular_5g: source:product_info_cellular: Cellular Technology 4/5G LTE""], ""review_count"": [""detail_page: 3 global ratings""], ""is_bestseller"": [""Best Sellers Rank #116,694 in Cell Phones & Accessories ( See Top 100 in Cell Phones & Accessories ) #255 in Cell Phone SIM Cards""], ""bestseller_rank"": [""Best Sellers Rank #116,694 in Cell Phones & Accessories ( See Top 100 in Cell Phones & Accessories ) #255 in Cell Phone SIM Cards""], ""title"": [""YCTEL Data SIM Card Includes 500MB Trial, 5G/4G LTE No Contract""]}"
amazon_us,jp,"International Data SIM Card 10GB 30 Days, 4G LTE Coverage in 45 Countries",19.99,34,,,,True,158,30일,30일,30일,local,lte_4g_only,"{""docomo"": null, ""au"": null, ""softbank"": null, ""rakuten"": null}",10GB,https://www.amazon.com/International-10GB-Coverage-Countries-Tablet-No/dp/B0F6BTG8YJ,B0F6BTG8YJ,B0F6BTG8YJ,TalkSimTech,Visit the TALKSIM Store,"{""price_usd"": [""$19.99""], ""usage_validity"": [""International Data SIM Card 10GB 30 Days, 4G LTE Coverage in 45 Countries""], ""activation_validity"": [""【Flexible Top-Up Data Plans】This 30-day 10GB data-only SIM delivers unlimited 4G LTE speed—perfect for non-stop navigation, social media, and HD streaming without throttling. Sign ""], ""data_amount"": [""【Flexible Top-Up Data Plans】This 30-day 10GB data-only SIM delivers unlimited 4G LTE speed—perfect for non-stop navigation, social media, and HD streaming without throttling. Sign ""], ""network_type"": [""【Essential for Global Travel: No SIM Switching】Connect 45 Countries with One Card, Zero Hassle of Cross-border Network Switching. It works as both a local US data SIM for daily hig"", ""【Experience Seamless Global Connectivity】International Data Only SIM Card provides fast 4G LTE networks, support top carriers from across the globe: AT&T, T-Mobile and Verizon in t"", ""score: local=4, roaming=1""], ""network_generation"": [""product_info_cellular_4g_lte: source:product_info_cellular: Cellular Technology LTE"", ""product_info_cellular_4g_lte: source:product_info_cellular: Cellular Technology LTE""], ""review_count"": [""detail_page: 34 global ratings""], ""is_bestseller"": [""Best Sellers Rank #67,326 in Cell Phones & Accessories ( See Top 100 in Cell Phones & Accessories ) #158 in Cell Phone SIM Cards""], ""bestseller_rank"": [""Best Sellers Rank #67,326 in Cell Phones & Accessories ( See Top 100 in Cell Phones & Accessories ) #158 in Cell Phone SIM Cards""], ""title"": [""International Data SIM Card 10GB 30 Days, 4G LTE Coverage in 45 Countries""]}"
amazon_us,jp,Peru 30-Day | 3GB Fixed Data eSIM,19.99,41,,,,True,1021,30일,30일,30일,roaming,lte_4g_only,"{""docomo"": null, ""au"": null, ""softbank"": null, ""rakuten"": null}",3GB,https://www.amazon.com/Peru-30-Day-3GB-Fixed-Data/dp/B0G8M1Z4Q1,B0G8M1Z4Q1,B0G8M1Z4Q1,Jethro Trading Ltd.,Visit the JETSIM Store,"{""price_usd"": [""$19.99""], ""usage_validity"": [""Peru 30-Day | 3GB Fixed Data eSIM""], ""activation_validity"": [""Product description Can I use my eSIM immediately after purchase? Yes. Simply submit the claim form, and we will deliver your eSIM to your email right away. Do I need to activate m""], ""data_amount"": [""[Fast & Reliable Data] 3GB high-speed + unlimited basic data for 30 days. Perfect for maps, apps, and staying connected in Peru.""], ""network_type"": [""Product description Can I use my eSIM immediately after purchase? Yes. Simply submit the claim form, and we will deliver your eSIM to your email right away. Do I need to activate m"", ""score: local=0, roaming=3""], ""network_generation"": [""product_info_cellular_4g_lte: source:product_info_cellular: Cellular Technology LTE"", ""product_info_cellular_4g_lte: source:product_info_cellular: Cellular Technology LTE""], ""review_count"": [""detail_page: 41""], ""is_bestseller"": [""Best Sellers Rank #527,612 in Cell Phones & Accessories ( See Top 100 in Cell Phones & Accessories ) #1,021 in Cell Phone SIM Cards""], ""bestseller_rank"": [""Best Sellers Rank #527,612 in Cell Phones & Accessories ( See Top 100 in Cell Phones & Accessories ) #1,021 in Cell Phone SIM Cards""], ""title"": [""Peru 30-Day | 3GB Fixed Data eSIM""]}"
amazon_us,jp,"China Prepaid eSIM – 10GB High-Speed + Unlimited Basic Data | 30-Day Travel Data Plan | Instant Activation, No Registration Needed | Works with Google, Whatsapp, Maps & More | Digital SIM",15.99,1,,,,True,561,30일,30일,30일,roaming,5g_capable,"{""docomo"": null, ""au"": null, ""softbank"": null, ""rakuten"": null}",10GB,https://www.amazon.com/China-Prepaid-eSIM-High-Speed-Registration/dp/B0FDM6VWD6,B0FDM6VWD6,B0FDM6VWD6,Jethro Trading Ltd.,Visit the JETSIM Store,"{""price_usd"": [""$15.99""], ""usage_validity"": [""China Prepaid eSIM – 10GB High-Speed + Unlimited Basic Data | 30-Day Travel Data Plan | Instant Activation, No Registration Needed | Works with Google, Whatsapp, Maps & More | Digi""], ""activation_validity"": [""Product description Can I use my eSIM immediately after purchase? Yes. Simply submit the claim form, and we will deliver your eSIM to your email right away. Do I need to activate m""], ""data_amount"": [""[Fast & Reliable Data] 10GB high-speed + unlimited basic data for 30 days. Perfect for maps, apps, and staying connected in China.""], ""network_type"": [""Product description Can I use my eSIM immediately after purchase? Yes. Simply submit the claim form, and we will deliver your eSIM to your email right away. Do I need to activate m"", ""score: local=0, roaming=3""], ""network_generation"": [""product_info_cellular_5g: source:product_info_cellular: Cellular Technology 5G/4G"", ""product_info_cellular_5g: source:product_info_cellular: Cellular Technology 5G/4G""], ""review_count"": [""detail_page: 1 global rating""], ""is_bestseller"": [""Best Sellers Rank #256,249 in Cell Phones & Accessories ( See Top 100 in Cell Phones & Accessories ) #561 in Cell Phone SIM Cards""], ""bestseller_rank"": [""Best Sellers Rank #256,249 in Cell Phones & Accessories ( See Top 100 in Cell Phones & Accessories ) #561 in Cell Phone SIM Cards""], ""title"": [""China Prepaid eSIM – 10GB High-Speed + Unlimited Basic Data | 30-Day Travel Data Plan | Instant Activation, No Registration Needed | Works with Google, Whatsapp, Maps & More | Digital SIM""]}"
amazon_us,jp,"South Korea SIM Card (30 Days), 20GB High-Speed Data, Travel Data SIM Card on South Korea's Top Network SKT, Plug & Play, No Registration Required, Compatible for iPhones & Androids",24.99,481,,,,True,286,30일,30일,30일,local,5g_capable,"{""docomo"": null, ""au"": null, ""softbank"": null, ""rakuten"": null}",20GB,https://www.amazon.com/30-Days-High-Speed-Registration-Compatible/dp/B0F97J4D2N,B0F97J4D2N,B0F97J4D2N,Jethro Trading Ltd.,Visit the JETSIM Store,"{""price_usd"": [""$24.99""], ""usage_validity"": [""South Korea SIM Card (30 Days), 20GB High-Speed Data, Travel Data SIM Card on South Korea's Top Network SKT, Plug & Play, No Registration Required, Compatible for iPhones & Android""], ""activation_validity"": [""Product description How do I activate the SIM card? Once you receive your SIM card, simply complete the activation form and we will activate your plan. When you arrive at your dest""], ""data_amount"": [""[Fast & Reliable Data] 20GB high-speed + unlimited basic data for 30 days in South Korea - ideal for maps, social media, and emails.""], ""network_type"": [""Product description How do I activate the SIM card? Once you receive your SIM card, simply complete the activation form and we will activate your plan. When you arrive at your dest"", ""score: local=3, roaming=0""], ""network_generation"": [""product_info_cellular_5g: source:product_info_cellular: Cellular Technology 5G/4G"", ""product_info_cellular_5g: source:product_info_cellular: Cellular Technology 5G/4G""], ""review_count"": [""detail_page: 481""], ""is_bestseller"": [""Best Sellers Rank #126,643 in Cell Phones & Accessories ( See Top 100 in Cell Phones & Accessories ) #286 in Cell Phone SIM Cards""], ""bestseller_rank"": [""Best Sellers Rank #126,643 in Cell Phones & Accessories ( See Top 100 in Cell Phones & Accessories ) #286 in Cell Phone SIM Cards""], ""title"": [""South Korea SIM Card (30 Days), 20GB High-Speed Data, Travel Data SIM Card on South Korea's Top Network SKT, Plug & Play, No Registration Required, Compatible for iPhones & Androids""]}"
amazon_us,jp,Happy South Korea eSim - 30 Days Unlimited Data Travel eSim | No Daily Limit | 15GB of 5G/4G LTE High-Speed Data | Easy Activation | No Registration,17.09,12,,,,True,470,30일,30일,,local,5g_capable,"{""docomo"": true, ""au"": null, ""softbank"": null, ""rakuten"": null}",unlimited,https://www.amazon.com/Happy-South-Korea-eSim-Registration/dp/B0DBV8DC7N,B0DBV8DC7N,B0DBV8DC7N,HAPPY SIM,Visit the HAPPY TELECOM Store,"{""price_usd"": [""$17.09""], ""usage_validity"": [""Happy South Korea eSim - 30 Days Unlimited Data Travel eSim | No Daily Limit | 15GB of 5G/4G LTE High-Speed Data | Easy Activation | No Registration""], ""data_amount"": [""▶ Scan QR Code, no registration is required- unlimited data service, no calls/texts- after the usage reaches 15GB, service continues at a throttled speed of 256kbps- the service 30""], ""network_type"": [""▶ After installing eSIM, please ensure your original local SIM is OFF or disconnected, to avoid causing high roaming charges. Access Google, Facebook, Instagram, Youtube, Twitter &"", ""score: local=3, roaming=0""], ""network_generation"": [""product_info_cellular_5g: source:product_info_cellular: Cellular Technology 5G"", ""product_info_cellular_5g: source:product_info_cellular: Cellular Technology 5G""], ""carrier_support_local"": [""NTT docomo: Japan SIM Card 30 Days Data Only | 10GB High-Speed 4G LTE + Unlimited Data at Reduced Speed | No Roaming Needed for Faster, Safer Access | Hotspot tet""], ""review_count"": [""detail_page: 12 global ratings""], ""is_bestseller"": [""Best Sellers Rank #208,123 in Cell Phones & Accessories ( See Top 100 in Cell Phones & Accessories ) #470 in Cell Phone SIM Cards""], ""bestseller_rank"": [""Best Sellers Rank #208,123 in Cell Phones & Accessories ( See Top 100 in Cell Phones & Accessories ) #470 in Cell Phone SIM Cards""], ""title"": [""Happy South Korea eSim - 30 Days Unlimited Data Travel eSim | No Daily Limit | 15GB of 5G/4G LTE High-Speed Data | Easy Activation | No Registration""]}"
amazon_us,jp,"eSIM Card for Unlocked Android/iPhone – SIM to eSIM Adapter, 2~20 Profiles, Unlimited Downloads, STK Menu, Pre-Cut Nano/Micro/Standard, Global Travel in USA/Europe/Japan/China-2",18.99,1,,,,True,1014,30일,30일,,unknown,5g_capable,"{""docomo"": null, ""au"": null, ""softbank"": null, ""rakuten"": null}",unlimited,https://www.amazon.com/eSIM-Card-Unlocked-Android-iPhone/dp/B0H94SBM89,B0H94SBM89,B0H94SBM89,Leguang Hub,Brand: Generic,"{""price_usd"": [""$18.99""], ""usage_validity"": [""[eSIM] Europe eSIM | 30DAYS 10GB | UK, France, Italy, Spain & 40+ Countries | Data-...""], ""data_amount"": [""Amazon.com: eSIM Card for Unlocked Android/iPhone – SIM to eSIM Adapter, 2~20 Profiles, Unlimited Downloads, STK Menu, Pre-Cut Nano/Micro/Standard, Global Travel in USA/Europe/Japa""], ""network_type"": [""no_local_or_roaming_keyword_matched""], ""network_generation"": [""product_info_cellular_5g: source:product_info_cellular: Cellular Technology 3G/4G/5G"", ""product_info_cellular_5g: source:product_info_cellular: Cellular Technology 3G/4G/5G""], ""review_count"": [""detail_page: 1 global rating""], ""is_bestseller"": [""Best Sellers Rank #271,316 in Cell Phones & Accessories ( See Top 100 in Cell Phones & Accessories ) #1,014 in Cell Phone SIM Card Tools & Accessories""], ""bestseller_rank"": [""Best Sellers Rank #271,316 in Cell Phones & Accessories ( See Top 100 in Cell Phones & Accessories ) #1,014 in Cell Phone SIM Card Tools & Accessories""], ""title"": [""eSIM Card for Unlocked Android/iPhone – SIM to eSIM Adapter, 2~20 Profiles, Unlimited Downloads, STK Menu, Pre-Cut Nano/Micro/Standard, Global Travel in USA/Europe/Japan/China-2""]}"
amazon_us,jp,"Jethro Mobile eSIM – Unlimited Talk & Text with 2GB High-Speed Data | 90-Day Prepaid Plan for Kids, Students & Feature Phones | No SIM Card Needed",35.0,880,,,,True,206,90일,90일,,local,5g_capable,"{""docomo"": true, ""au"": null, ""softbank"": null, ""rakuten"": null}",unlimited,https://www.amazon.com/Jethro-eSIM-High-Speed-Activation-International/dp/B0CSMTSPD6,B0CSMTSPD6,B0CSMTSPD6,JethroShop,Visit the Jethro Trading Ltd. Store,"{""price_usd"": [""$35.00""], ""usage_validity"": [""Jethro Mobile eSIM – Unlimited Talk & Text with 2GB High-Speed Data | 90-Day Prepaid Plan for Kids, Students & Feature Phones | No SIM Card Needed""], ""data_amount"": [""[Unlimited Talk & Text] Call and message as much as you want—keep in touch without worrying about overages.""], ""network_type"": [""[Easy Activation] Set up your service online or by phone and get a local U.S. number within minutes or keep your existing one."", ""Product description Do I get a local US phone number? Yes, a local US phone number is provided upon activation. Can I use the same phone number for multiple trips? Yes. Just renew "", ""score: local=2, roaming=-2""], ""network_generation"": [""product_info_cellular_5g: source:product_info_cellular: Cellular Technology 4G/5G LTE"", ""product_info_cellular_5g: source:product_info_cellular: Cellular Technology 4G/5G LTE"", ""product_info_cellular_4g_lte_signal_present_but_5g_capable_takes_precedence""], ""carrier_support_local"": [""NTT docomo: Japan SIM Card 30 Days Data Only | 10GB High-Speed 4G LTE + Unlimited Data at Reduced Speed | No Roaming Needed for Faster, Safer Access | Hotspot tet""], ""review_count"": [""detail_page: 880""], ""is_bestseller"": [""Best Sellers Rank #92,820 in Cell Phones & Accessories ( See Top 100 in Cell Phones & Accessories ) #206 in Cell Phone SIM Cards""], ""bestseller_rank"": [""Best Sellers Rank #92,820 in Cell Phones & Accessories ( See Top 100 in Cell Phones & Accessories ) #206 in Cell Phone SIM Cards""], ""title"": [""Jethro Mobile eSIM – Unlimited Talk & Text with 2GB High-Speed Data | 90-Day Prepaid Plan for Kids, Students & Feature Phones | No SIM Card Needed""]}"
amazon_us,jp,Colombia 30-Day | 5GB Fixed Data eSIM,19.99,291,,,,True,599,30일,30일,30일,roaming,unknown,"{""docomo"": null, ""au"": null, ""softbank"": null, ""rakuten"": null}",5GB,https://www.amazon.com/Colombia-30-Day-5GB-Fixed-Data/dp/B0G87KGKDD,B0G87KGKDD,B0G87KGKDD,Jethro Trading Ltd.,Visit the JETSIM Store,"{""price_usd"": [""$19.99""], ""usage_validity"": [""Colombia 30-Day | 5GB Fixed Data eSIM""], ""activation_validity"": [""Product description Can I use my eSIM immediately after purchase? Yes. Simply submit the claim form, and we will deliver your eSIM to your email right away. Do I need to activate m""], ""data_amount"": [""[Fast & Reliable Data] 5GB high-speed + unlimited basic data for 30 days. Perfect for maps, apps, and staying connected in Colombia.""], ""network_type"": [""Product description Can I use my eSIM immediately after purchase? Yes. Simply submit the claim form, and we will deliver your eSIM to your email right away. Do I need to activate m"", ""score: local=0, roaming=3""], ""network_generation"": [""fallback_5g: source:meta_description: Amazon.com: Colombia 30-Day | 5GB Fixed Data eSIM : Cell Phones & Accessories"", ""fallback_4g_lte: source:image_alt: KiwiSIM USA Data SIM Card, 12GB 180 Days, 4G LTE SIM Support for 3 Network | SIM for Unlocked Security Cameras, Trail Cameras, GPS Trackers and IoT Devices, Activ"", ""fallback_only_network_generation_signal""], ""review_count"": [""detail_page: 291""], ""is_bestseller"": [""Best Sellers Rank #273,108 in Cell Phones & Accessories ( See Top 100 in Cell Phones & Accessories ) #599 in Cell Phone SIM Cards""], ""bestseller_rank"": [""Best Sellers Rank #273,108 in Cell Phones & Accessories ( See Top 100 in Cell Phones & Accessories ) #599 in Cell Phone SIM Cards""], ""title"": [""Colombia 30-Day | 5GB Fixed Data eSIM""]}"
amazon_us,jp,"V0MAX eSIM Card & Reader Kit for Unlocked Smartphones, 1MB Storage - SIM to eSIM Adapter, 30 Profiles, Offline STK Menu, Unlimited Downloads, Pre-Cut Sizes, Global Travel USA/Europe/Japan/China",40.99,38,,,,True,538,30일,30일,180일,local,5g_capable,"{""docomo"": true, ""au"": null, ""softbank"": null, ""rakuten"": null}",1GB,https://www.amazon.com/9eSIM-V0MAX-eSIM-Kit-Smartphones/dp/B0GXFCQT8P,B0GXFCQT8P,B0GXFCQT8P,9esim Official Store,Visit the 9esim Store,"{""price_usd"": [""$40.99""], ""usage_validity"": [""UK SIM Card | Unlimited UK Data | O2 UK Network | 30-Day Prepaid SIM | Activate Bef...""], ""activation_validity"": [""[eSIM] Japan eSIM 180 Days Data Only SIM | 30GB High-Speed 4G LTE + Unlimited Data at Reduced Speed | No Roaming Needed for Faster, Safer Access | Hotspot tethering Supported | Doc""], ""data_amount"": [""30 PROFILES + 1GB FREE GLOBAL DATA–COMPLETE KIT： Includes 9eSIM V0MAX card and card reader. New users get 1GB free global data – use immediately in the USA, Europe, Japan, China. S""], ""network_type"": [""MASSIVE STORAGE FOR FREQUENT TRAVELERS： Keep local data plans for dozens of countries on one card. Supports eSIM carriers in 140+ countries including the USA, UK, Germany, France, "", ""score: local=3, roaming=-1""], ""network_generation"": [""product_info_cellular_5g: source:product_info_cellular: Cellular Technology 3G,4g,5g"", ""product_info_cellular_5g: source:product_info_cellular: Cellular Technology 3G,4g,5g""], ""carrier_support_local"": [""NTT docomo: [eSIM] Japan eSIM 180 Days Data Only SIM | 30GB High-Speed 4G LTE + Unlimited Data at Reduced Speed | No Roaming Needed for Faster, Safer Access | Hot""], ""review_count"": [""detail_page: 38 global ratings""], ""is_bestseller"": [""Best Sellers Rank #158,734 in Cell Phones & Accessories ( See Top 100 in Cell Phones & Accessories ) #538 in Cell Phone SIM Card Tools & Accessories""], ""bestseller_rank"": [""Best Sellers Rank #158,734 in Cell Phones & Accessories ( See Top 100 in Cell Phones & Accessories ) #538 in Cell Phone SIM Card Tools & Accessories""], ""title"": [""V0MAX eSIM Card & Reader Kit for Unlocked Smartphones, 1MB Storage - SIM to eSIM Adapter, 30 Profiles, Offline STK Menu, Unlimited Downloads, Pre-Cut Sizes, Global Travel USA/Europe/Japan/China""]}"
amazon_us,jp,Canada eSIM 10.5GB 7-Day 5G LTE Hotspot No Physical SIM,12.99,1,,,,True,167,7일,7일,90일,unknown,5g_capable,"{""docomo"": true, ""au"": null, ""softbank"": null, ""rakuten"": null}",10.5GB,https://www.amazon.com/WoWeSim-Canada-10-5GB-Hotspot-Physical/dp/B0FR92WK8P,B0FR92WK8P,B0FR92WK8P,WoWeSim,Visit the WoWeSim Store,"{""price_usd"": [""$12.99""], ""usage_validity"": [""Canada eSIM 10.5GB 7-Day 5G LTE Hotspot No Physical SIM""], ""activation_validity"": [""FAST AND EASY ESIM INSTALLATION: Activate your international travel eSIM quickly on a compatible smartphone. Simply scan the eSIM QR code sent via email to install the eSIM. Activa""], ""data_amount"": [""Amazon.com: WoWeSim Canada eSIM 10.5GB 7-Day 5G LTE Hotspot No Physical SIM : Cell Phones & Accessories""], ""network_type"": [""insufficient_or_conflicting_signals(local=0, roaming=-2)""], ""network_generation"": [""product_info_cellular_5g: source:product_info_cellular: Cellular Technology LTE/4G/5G"", ""product_info_cellular_5g: source:product_info_cellular: Cellular Technology LTE/4G/5G"", ""product_info_cellular_4g_lte_signal_present_but_5g_capable_takes_precedence""], ""carrier_support_local"": [""NTT docomo: [eSIM] Japan eSIM 180 Days Data Only SIM | 30GB High-Speed 4G LTE + Unlimited Data at Reduced Speed | No Roaming Needed for Faster, Safer Access | Hot""], ""review_count"": [""detail_page: 1 global rating""], ""is_bestseller"": [""Best Sellers Rank #70,268 in Cell Phones & Accessories ( See Top 100 in Cell Phones & Accessories ) #167 in Cell Phone SIM Cards""], ""bestseller_rank"": [""Best Sellers Rank #70,268 in Cell Phones & Accessories ( See Top 100 in Cell Phones & Accessories ) #167 in Cell Phone SIM Cards""], ""title"": [""Canada eSIM 10.5GB 7-Day 5G LTE Hotspot No Physical SIM""]}"
amazon_us,jp,"Taiwan eSIM: 10GB High-Speed Data for 30 Days, Explore Taipei 101, Sun Moon Lake, Taroko Gorge & Cycle Around Taiwan, Hotspot Support, No Contract, No SIM Card",16.99,3,,,,True,383,1일,1일,30일,unknown,lte_4g_only,"{""docomo"": true, ""au"": null, ""softbank"": null, ""rakuten"": null}",10GB,https://www.amazon.com/High-Speed-Unlimited-Supports-Contract-Physical/dp/B0CR4162JY,B0CR4162JY,B0CR4162JY,shuoxing E-commerce,Visit the gtesim Store,"{""price_usd"": [""$16.99""], ""usage_validity"": [""✈Easy To Activate: Purchase the prepaid eSIM, get a redeem code to generate an eSIM QR code, scan the QR code to install the eSIM. The eSIM is considered to be activated when the d""], ""activation_validity"": [""Taiwan eSIM: 10GB High-Speed Data for 30 Days, Explore Taipei 101, Sun Moon Lake, Taroko Gorge & Cycle Around Taiwan, Hotspot Support, No Contract, No SIM Card""], ""data_amount"": [""✈Package Details: It's eSim data only ,no physical Sim Card, no number, no calls & SMS, and it supports hotspots. You can enjoy 30 days of 10GB/20GB high speed data and unlimited s""], ""network_type"": [""local_signal: ✈Quality Network Services: Supported by local telecommunication carrier CHT, it offers 5G/4G/LTE internet speeds, with wide signal coverage, stable network and fast speed. The inte"", ""roaming_signal: Europe Roaming Essential Unlimited Data 10GB High-Speed Data Local Carriers eSIM for 30 Days No C..."", ""insufficient_or_conflicting_signals(local=20, roaming=2)""], ""network_generation"": [""product_info_cellular_4g_lte: source:product_info_cellular: Cellular Technology LTE"", ""product_info_cellular_4g_lte: source:product_info_cellular: Cellular Technology LTE""], ""carrier_support_local"": [""NTT docomo: Japan SIM Card 15 Days Data Only | 10GB High-Speed 4G LTE + Unlimited Data at Reduced Speed | No Roaming Needed for Faster, Safer Access | Hotspot tet""], ""review_count"": [""detail_page: 3 global ratings""], ""is_bestseller"": [""Best Sellers Rank #170,921 in Cell Phones & Accessories ( See Top 100 in Cell Phones & Accessories ) #383 in Cell Phone SIM Cards""], ""bestseller_rank"": [""Best Sellers Rank #170,921 in Cell Phones & Accessories ( See Top 100 in Cell Phones & Accessories ) #383 in Cell Phone SIM Cards""], ""title"": [""Taiwan eSIM: 10GB High-Speed Data for 30 Days, Explore Taipei 101, Sun Moon Lake, Taroko Gorge & Cycle Around Taiwan, Hotspot Support, No Contract, No SIM Card""]}"
amazon_us,jp,"Prepaid China eSIM Data: 10GB High-Speed Data for 30 Days,Explore Beijing, Shanghai, Great Wall & More, Seamless Roaming in Mainland China, Hong Kong, Macau, No Contract, Hotspot Support, No SIM Card",17.99,8,,,,True,267,1일,1일,30일,unknown,lte_4g_only,"{""docomo"": null, ""au"": null, ""softbank"": null, ""rakuten"": null}",10GB,https://www.amazon.com/Seamless-Mainland-High-Speed-Unlimited-Contract/dp/B0CR3ZT7JC,B0CR3ZT7JC,B0CR3ZT7JC,shuoxing E-commerce,Visit the gtesim Store,"{""price_usd"": [""$17.99""], ""usage_validity"": [""✈Easy To Activate: Purchase the prepaid eSIM, get a redeem code to generate an eSIM QR code, scan the QR code to install the eSIM. The eSIM is considered to be activated when the d""], ""activation_validity"": [""Prepaid China eSIM Data: 10GB High-Speed Data for 30 Days,Explore Beijing, Shanghai, Great Wall & More, Seamless Roaming in Mainland China, Hong Kong, Macau, No Contract, Hotspot S""], ""data_amount"": [""✈Package Details: It's eSim Data only ,no physical Sim Card, no number, no calls & SMS, and it supports hotspots. You can enjoy 30 days of 10GB high speed data and unlimited speed ""], ""network_type"": [""local_signal: ✈Quality Network Services: Supported by local telecommunication carriers, it offers 5G/4G/LTE internet speeds, with wide signal coverage, stable network and fast speed. The interne"", ""roaming_signal: Prepaid China eSIM Data: 10GB High-Speed Data for 30 Days,Explore Beijing, Shanghai, Great Wall & More, Seamless Roaming in Mainland China, Hong Kong, Macau, No Contract, Hotspot S"", ""insufficient_or_conflicting_signals(local=21, roaming=8)""], ""network_generation"": [""product_info_cellular_4g_lte: source:product_info_cellular: Cellular Technology LTE"", ""product_info_cellular_4g_lte: source:product_info_cellular: Cellular Technology LTE""], ""review_count"": [""detail_page: 8 global ratings""], ""is_bestseller"": [""Best Sellers Rank #119,817 in Cell Phones & Accessories ( See Top 100 in Cell Phones & Accessories ) #267 in Cell Phone SIM Cards""], ""bestseller_rank"": [""Best Sellers Rank #119,817 in Cell Phones & Accessories ( See Top 100 in Cell Phones & Accessories ) #267 in Cell Phone SIM Cards""], ""title"": [""Prepaid China eSIM Data: 10GB High-Speed Data for 30 Days,Explore Beijing, Shanghai, Great Wall & More, Seamless Roaming in Mainland China, Hong Kong, Macau, No Contract, Hotspot Support, No SIM Card""]}"
amazon_us,jp,"eSIM USA Unlimited Data 21 Day Prepaid Internet Access | T-Mobile Network | 5G/4G Speeds, Unrestricted Calls and SMS | iPhone Android Compatibility | travSIM",32.99,132,,,,True,406,1일,1일,21일,unknown,lte_4g_only,"{""docomo"": true, ""au"": null, ""softbank"": null, ""rakuten"": null}",unlimited,https://www.amazon.com/travSIM-eSIM-Compatible-21-Days/dp/B0CFF7S51D,B0CFF7S51D,B0CFF7S51D,travSIM GmbH Germany,Visit the travSIM Store,"{""price_usd"": [""$32.99""], ""usage_validity"": [""The plan on the USA eSIM is valid for 21 days. Activation takes 24 hours to reflect. Please send an activation request one day before your ideal starting date. Travel eSIM USA is a""], ""activation_validity"": [""eSIM USA Unlimited Data 21 Day Prepaid Internet Access | T-Mobile Network | 5G/4G Speeds, Unrestricted Calls and SMS | iPhone Android Compatibility | travSIM""], ""data_amount"": [""This eSIM USA Unlimited Data is functional in all 50 states (except Alaska). eSIM for USA Travel uses the T-Mobile Network.""], ""network_type"": [""local_signal: Product description USA sim with data, text, and minutes for use during your trip to the United States Avoid roaming fees, unsecured Wi-Fi hotspots and the inconvenience of looking"", ""roaming_signal: Product description USA sim with data, text, and minutes for use during your trip to the United States Avoid roaming fees, unsecured Wi-Fi hotspots and the inconvenience of looking"", ""insufficient_or_conflicting_signals(local=1, roaming=-1)""], ""network_generation"": [""product_info_cellular_4g_lte: source:product_info_cellular: Cellular Technology LTE"", ""product_info_cellular_4g_lte: source:product_info_cellular: Cellular Technology LTE""], ""carrier_support_local"": [""NTT docomo: [eSIM] Japan eSIM 180 Days Data Only SIM | 30GB High-Speed 4G LTE + Unlimited Data at Reduced Speed | No Roaming Needed for Faster, Safer Access | Hot""], ""review_count"": [""detail_page: 132 global ratings""], ""is_bestseller"": [""Best Sellers Rank #179,324 in Cell Phones & Accessories ( See Top 100 in Cell Phones & Accessories ) #406 in Cell Phone SIM Cards""], ""bestseller_rank"": [""Best Sellers Rank #179,324 in Cell Phones & Accessories ( See Top 100 in Cell Phones & Accessories ) #406 in Cell Phone SIM Cards""], ""title"": [""eSIM USA Unlimited Data 21 Day Prepaid Internet Access | T-Mobile Network | 5G/4G Speeds, Unrestricted Calls and SMS | iPhone Android Compatibility | travSIM""]}"
amazon_us,jp,Brazil 30-Day | 5GB eSIM Fixed Data,24.99,65,,,,True,866,30일,30일,30일,unknown,5g_capable,"{""docomo"": true, ""au"": null, ""softbank"": null, ""rakuten"": null}",5GB,https://www.amazon.com/Brazil-30-Day-eSIM-Fixed-Data/dp/B0FDMR1PQX,B0FDMR1PQX,B0FDMR1PQX,Jethro Trading Ltd.,Visit the JETSIM Store,"{""price_usd"": [""$24.99""], ""usage_validity"": [""Brazil 30-Day | 5GB eSIM Fixed Data""], ""activation_validity"": [""Product description Can I use my eSIM immediately after purchase? Yes. Simply submit the claim form, and we will deliver your eSIM to your email right away. Do I need to activate m""], ""data_amount"": [""[Fast & Reliable Data] 5GB high-speed + unlimited basic data for 30 days. Perfect for maps, apps, and staying connected in Brazil.""], ""network_type"": [""roaming_signal: Product description Can I use my eSIM immediately after purchase? Yes. Simply submit the claim form, and we will deliver your eSIM to your email right away. Do I need to activate m"", ""insufficient_or_conflicting_signals(local=0, roaming=1)""], ""network_generation"": [""product_info_cellular_5g: source:product_info_cellular: Cellular Technology 5G/4G"", ""product_info_cellular_5g: source:product_info_cellular: Cellular Technology 5G/4G""], ""carrier_support_local"": [""NTT docomo: [eSIM] Japan eSIM 180 Days Data Only SIM | 30GB High-Speed 4G LTE + Unlimited Data at Reduced Speed | No Roaming Needed for Faster, Safer Access | Hot""], ""review_count"": [""detail_page: 65""], ""is_bestseller"": [""Best Sellers Rank #424,280 in Cell Phones & Accessories ( See Top 100 in Cell Phones & Accessories ) #866 in Cell Phone SIM Cards""], ""bestseller_rank"": [""Best Sellers Rank #424,280 in Cell Phones & Accessories ( See Top 100 in Cell Phones & Accessories ) #866 in Cell Phone SIM Cards""], ""title"": [""Brazil 30-Day | 5GB eSIM Fixed Data""]}"
amazon_us,jp,"Preloaded Orange Travel Sim with 20GB of Worldwide Data + Calls & SMS. Use in Over 150 Countries (UK, Europe, USA, UAE, Turkey, China, Thailand, Jamaica & More). Lasts for 31 Days. Tethering Allowed",41.95,86,,,,True,473,14일,14일,31일,roaming,lte_4g_only,"{""docomo"": null, ""au"": null, ""softbank"": null, ""rakuten"": null}",20GB,https://www.amazon.com/Preloaded-10GB-Worldwide-Countries-Tethering/dp/B0B5DTWLHH,B0B5DTWLHH,B0B5DTWLHH,ETERNAL COMMUNICATIONS,Brand: Eternal Communications,"{""price_usd"": [""$41.95""], ""usage_validity"": [""Product description PRELOADED DATA: Orange SIM Card Preloaded with 20GB of Data. Valid for 31 days from 1st use. CALLS + SMS: Also Preloaded with 15mins of Worldwide Calls + 30 Wor""], ""activation_validity"": [""Preloaded Orange Travel Sim with 20GB of Worldwide Data + Calls & SMS. Use in Over 150 Countries (UK, Europe, USA, UAE, Turkey, China, Thailand, Jamaica & More). Lasts for 31 Days.""], ""data_amount"": [""Preloaded Sim now with 20GB of 4G Data to use in over 150 Countries Worldwide + 15mins of Worldwide Calls & 30 Worldwide SMS.""], ""network_type"": [""Product description PRELOADED DATA: Orange SIM Card Preloaded with 20GB of Data. Valid for 31 days from 1st use. CALLS + SMS: Also Preloaded with 15mins of Worldwide Calls + 30 Wor"", ""score: local=0, roaming=3""], ""network_generation"": [""product_info_cellular_4g_lte: source:product_info_cellular: Cellular Technology LTE/4G/3G/GSM"", ""product_info_cellular_4g_lte: source:product_info_cellular: Cellular Technology LTE/4G/3G/GSM""], ""review_count"": [""detail_page: 86 global ratings""], ""is_bestseller"": [""Best Sellers Rank #210,666 in Cell Phones & Accessories ( See Top 100 in Cell Phones & Accessories ) #473 in Cell Phone SIM Cards""], ""bestseller_rank"": [""Best Sellers Rank #210,666 in Cell Phones & Accessories ( See Top 100 in Cell Phones & Accessories ) #473 in Cell Phone SIM Cards""], ""title"": [""Preloaded Orange Travel Sim with 20GB of Worldwide Data + Calls & SMS. Use in Over 150 Countries (UK, Europe, USA, UAE, Turkey, China, Thailand, Jamaica & More). Lasts for 31 Days. Tethering Allowed""]}"
amazon_us,jp,"EIOTCLUB SIM Card for Data Only, 5G/4G LTE USA Compatible with Nationwide Networks for Security, Hunting Trail Game Cameras - No Contract Wireless-Triple Cut Size",5.0,1445,,,500,True,8,30일,30일,365일,local,lte_4g_only,"{""docomo"": null, ""au"": null, ""softbank"": null, ""rakuten"": null}",1GB,https://www.amazon.com/EIOTCLUB-Prepaid-LTE-Cellular-Card/dp/B096X8471C,B096X8471C,B096X8471C,hilan IoT,Visit the EIOTCLUB Store,"{""price_usd"": [""$5.00""], ""usage_validity"": [""Great Data Service Solution - Our SIM card offers 300MB data for 30 days of wireless service for No Cost. Join and enjoy this service right now. Get 5G/4G/LTE high-speed data servi""], ""activation_validity"": [""Data SIM Card 24GB 365Days, 4G LTE SIM Card Support for 3 Network | USA Mobile Sim Card for Security Camera/Router/Mobile WiFi Hotspot, No Contract, 3-in-1 Sim Kit(Activate Needed)""], ""data_amount"": [""EIOTCLUB Data Only SIM Card for Mobile Hotspots, Routers, Tablets & Laptops | 5G/4G LTE Network in USA Coverage, 1GB 30Day, No Contract, Pre-Cut Size Standard/Micro/Nano""], ""network_type"": [""Product description Previous page Support U.S. two major network(AT&T and T-mobile) Exceptional network coverage, ensuring reliable and seamless connectivity. Plug-and-Play Hassle-"", ""score: local=3, roaming=0""], ""network_generation"": [""product_info_cellular_4g_lte: source:product_info_cellular: Cellular Technology LTE"", ""product_info_cellular_4g_lte: source:product_info_cellular: Cellular Technology LTE""], ""monthly_sold_count"": [""search_result_fallback: 500""], ""review_count"": [""detail_page: 1,445 global ratings""], ""is_bestseller"": [""Best Sellers Rank #6,212 in Cell Phones & Accessories ( See Top 100 in Cell Phones & Accessories ) #8 in Cell Phone SIM Cards""], ""bestseller_rank"": [""Best Sellers Rank #6,212 in Cell Phones & Accessories ( See Top 100 in Cell Phones & Accessories ) #8 in Cell Phone SIM Cards""], ""title"": [""EIOTCLUB SIM Card for Data Only, 5G/4G LTE USA Compatible with Nationwide Networks for Security, Hunting Trail Game Cameras - No Contract Wireless-Triple Cut Size""]}"
amazon_us,jp,"Prepaid SIM Card for Travel | Physical eSIM Adapter with 1GB Free Global Data | 180+ Countries 5G/4G LTE Data Only SIM Card | Reusable & Writeable for Unlocked Phones, Hotspots Support",9.99,1,,,,True,205,30일,30일,180일,unknown,lte_4g_only,"{""docomo"": true, ""au"": null, ""softbank"": null, ""rakuten"": null}",1GB,https://www.amazon.com/Mossroam-Physical-Countries-Reusable-Writeable/dp/B0GX8Q1WBR,B0GX8Q1WBR,B0GX8Q1WBR,Mossroam,Visit the mossroam Store,"{""price_usd"": [""$9.99""], ""usage_validity"": [""UK SIM Card | Unlimited UK Data | O2 UK Network | 30-Day Prepaid SIM | Activate Bef...""], ""activation_validity"": [""[eSIM] Japan eSIM 180 Days Data Only SIM | 15GB High-Speed 4G LTE + Unlimited Data at Reduced Speed | No Roaming Needed for Faster, Safer Access | Hotspot tethering Supported | Doc""], ""data_amount"": [""【1GB Free Global Data Included】 Hit the ground running with 1GB of free high-speed data only. Each travel sim card comes pre-loaded with a global starter pack. Perfect for navigati""], ""network_type"": [""local_signal: 【Instant Mobile Top-Up & Easy Account Management】 No need to look for local stores. Our prepaid SIM supports online top-up for instant data refills, so you can recharge anytime, an"", ""roaming_signal: 【Data-Centric & Transparent】 Optimized as a data only sim card, MossRoam provides a secure, stable connection for streaming and work. By focusing solely on data, we offer more affo"", ""insufficient_or_conflicting_signals(local=1, roaming=-1)""], ""network_generation"": [""product_info_cellular_4g_lte: source:product_info_cellular: Cellular Technology LTE"", ""product_info_cellular_4g_lte: source:product_info_cellular: Cellular Technology LTE""], ""carrier_support_local"": [""NTT docomo: [eSIM] Japan eSIM 180 Days Data Only SIM | 15GB High-Speed 4G LTE + Unlimited Data at Reduced Speed | No Roaming Needed for Faster, Safer Access | Hot""], ""review_count"": [""detail_page: 1 global rating""], ""is_bestseller"": [""Best Sellers Rank #92,275 in Cell Phones & Accessories ( See Top 100 in Cell Phones & Accessories ) #205 in Cell Phone SIM Cards""], ""bestseller_rank"": [""Best Sellers Rank #92,275 in Cell Phones & Accessories ( See Top 100 in Cell Phones & Accessories ) #205 in Cell Phone SIM Cards""], ""title"": [""Prepaid SIM Card for Travel | Physical eSIM Adapter with 1GB Free Global Data | 180+ Countries 5G/4G LTE Data Only SIM Card | Reusable & Writeable for Unlocked Phones, Hotspots Support""]}"
amazon_us,jp,"Jethro Mobile Prepaid eSIM – 30 Day Plan with Unlimited Talk, Text + 10GB High-Speed Data | Works on iPhone & Android Smartphones | No SIM Card Needed",35.0,3,,,,True,400,30일,30일,,local,5g_capable,"{""docomo"": null, ""au"": null, ""softbank"": null, ""rakuten"": null}",unlimited,https://www.amazon.com/Jethro-Mobile-Activation-High-Speed-International/dp/B0CSLXN4WL,B0CSLXN4WL,B0CSLXN4WL,JethroShop,Visit the Jethro Trading Ltd. Store,"{""price_usd"": [""$35.00""], ""usage_validity"": [""Jethro Mobile Prepaid eSIM – 30 Day Plan with Unlimited Talk, Text + 10GB High-Speed Data | Works on iPhone & Android Smartphones | No SIM Card Needed""], ""data_amount"": [""[Unlimited Talk, Text & Data] Stay connected with unlimited calls and texts, 10GB high-speed data per month, followed by unlimited reduced-speed data.""], ""network_type"": [""[Easy Activation] Set up your service online or by phone and get a local U.S. number within minutes or keep your existing one."", ""Product description Do I get a local US phone number? Yes, a local US phone number is provided upon activation. Can I use the same phone number for multiple trips? Yes. Just renew "", ""score: local=2, roaming=0""], ""network_generation"": [""product_info_cellular_5g: source:product_info_cellular: Cellular Technology 4G/5G LTE"", ""product_info_cellular_5g: source:product_info_cellular: Cellular Technology 4G/5G LTE"", ""product_info_cellular_4g_lte_signal_present_but_5g_capable_takes_precedence""], ""review_count"": [""detail_page: 3 global ratings""], ""is_bestseller"": [""Best Sellers Rank #178,036 in Cell Phones & Accessories ( See Top 100 in Cell Phones & Accessories ) #400 in Cell Phone SIM Cards""], ""bestseller_rank"": [""Best Sellers Rank #178,036 in Cell Phones & Accessories ( See Top 100 in Cell Phones & Accessories ) #400 in Cell Phone SIM Cards""], ""title"": [""Jethro Mobile Prepaid eSIM – 30 Day Plan with Unlimited Talk, Text + 10GB High-Speed Data | Works on iPhone & Android Smartphones | No SIM Card Needed""]}"
amazon_us,jp,"Europe Sim Card Unlimited Data with 10GB High-Speed, Works in 33 Countries for 15 Days - European Sim Card for iPhone with Customer Support - Sim Cards for Europe Travel",19.99,880,,,,True,578,15일,15일,30일,local,unknown,"{""docomo"": true, ""au"": null, ""softbank"": null, ""rakuten"": null}",10GB,https://www.amazon.com/Unlimited-High-Speed-Countries-15-Days/dp/B0F1MDZF43,B0F1MDZF43,B0F1MDZF43,Jethro Trading Ltd.,Visit the JETSIM Store,"{""price_usd"": [""$19.99""], ""usage_validity"": [""Europe Sim Card Unlimited Data with 10GB High-Speed, Works in 33 Countries for 15 Days - European Sim Card for iPhone with Customer Support - Sim Cards for Europe Travel""], ""activation_validity"": [""Product description How do I activate the SIM card? Once you receive your SIM card, simply complete the activation form and we will activate your plan. When you arrive at your dest""], ""data_amount"": [""[Fast & Reliable Data] 10GB high-speed + unlimited basic data for 15 days - ideal for maps, social media, and emails.""], ""network_type"": [""Product description How do I activate the SIM card? Once you receive your SIM card, simply complete the activation form and we will activate your plan. When you arrive at your dest"", ""score: local=3, roaming=-2""], ""network_generation"": [""fallback_5g: source:image_alt: $25/mo. Mint Mobile Phone Plan with 23GB of 5G-4G LTE Data + Unlimited Talk & Text for 3 Months (3-in-1 SIM Card)"", ""fallback_4g_lte: source:image_alt: $25/mo. Mint Mobile Phone Plan with 23GB of 5G-4G LTE Data + Unlimited Talk & Text for 3 Months (3-in-1 SIM Card)"", ""fallback_only_network_generation_signal""], ""carrier_support_local"": [""NTT docomo: Japan SIM Card 30 Days Data Only | 10GB High-Speed 4G LTE + Unlimited Data at Reduced Speed | No Roaming Needed for Faster, Safer Access | Hotspot tet""], ""review_count"": [""detail_page: 880""], ""is_bestseller"": [""Best Sellers Rank #263,578 in Cell Phones & Accessories ( See Top 100 in Cell Phones & Accessories ) #578 in Cell Phone SIM Cards""], ""bestseller_rank"": [""Best Sellers Rank #263,578 in Cell Phones & Accessories ( See Top 100 in Cell Phones & Accessories ) #578 in Cell Phone SIM Cards""], ""title"": [""Europe Sim Card Unlimited Data with 10GB High-Speed, Works in 33 Countries for 15 Days - European Sim Card for iPhone with Customer Support - Sim Cards for Europe Travel""]}"
amazon_us,jp,"Jethro Mobile Prepaid eSIM – 30 Day Plan with Unlimited Talk, Text + 5GB High-Speed Data | Works on iPhone & Android Smartphones | No SIM Card Needed [2 Pack]",50.0,1,,,,True,376,30일,30일,,local,5g_capable,"{""docomo"": null, ""au"": null, ""softbank"": null, ""rakuten"": null}",unlimited,https://www.amazon.com/Jethro-Mobile-Activation-High-Speed-International/dp/B0CSMB9CC8,B0CSMB9CC8,B0CSMB9CC8,JethroShop,Visit the Jethro Trading Ltd. Store,"{""price_usd"": [""$50.00""], ""usage_validity"": [""Jethro Mobile Prepaid eSIM – 30 Day Plan with Unlimited Talk, Text + 5GB High-Speed Data | Works on iPhone & Android Smartphones | No SIM Card Needed [2 Pack]""], ""data_amount"": [""[Unlimited Talk, Text & Data] Stay connected with unlimited calls and texts, 5GB high-speed data per month, followed by unlimited reduced-speed data.""], ""network_type"": [""[Easy Activation] Set up your service online or by phone and get a local U.S. number within minutes or keep your existing one."", ""Product description Do I get a local US phone number? Yes, a local US phone number is provided upon activation. Can I use the same phone number for multiple trips? Yes. Just renew "", ""score: local=2, roaming=0""], ""network_generation"": [""product_info_cellular_5g: source:product_info_cellular: Cellular Technology 4G/5G LTE"", ""product_info_cellular_5g: source:product_info_cellular: Cellular Technology 4G/5G LTE"", ""product_info_cellular_4g_lte_signal_present_but_5g_capable_takes_precedence""], ""review_count"": [""detail_page: 1 global rating""], ""is_bestseller"": [""Best Sellers Rank #166,886 in Cell Phones & Accessories ( See Top 100 in Cell Phones & Accessories ) #376 in Cell Phone SIM Cards""], ""bestseller_rank"": [""Best Sellers Rank #166,886 in Cell Phones & Accessories ( See Top 100 in Cell Phones & Accessories ) #376 in Cell Phone SIM Cards""], ""title"": [""Jethro Mobile Prepaid eSIM – 30 Day Plan with Unlimited Talk, Text + 5GB High-Speed Data | Works on iPhone & Android Smartphones | No SIM Card Needed [2 Pack]""]}"
amazon_us,jp,Sim Sim Card for UK | SIM Card Ireland | 30 Days Prepaid SIM with 10GB High-Speed Data + Unlimited Basic Data | Travel Sim Card Europe | Hotspot & Auto Activation,21.99,880,,,,True,413,30일,30일,30일,local,5g_capable,"{""docomo"": true, ""au"": null, ""softbank"": null, ""rakuten"": null}",10GB,https://www.amazon.com/30-Days-High-Speed-Unlimited-Activation/dp/B0F92Z6VJV,B0F92Z6VJV,B0F92Z6VJV,Jethro Trading Ltd.,Visit the JETSIM Store,"{""price_usd"": [""$21.99""], ""usage_validity"": [""Sim Sim Card for UK | SIM Card Ireland | 30 Days Prepaid SIM with 10GB High-Speed Data + Unlimited Basic Data | Travel Sim Card Europe | Hotspot & Auto Activation""], ""activation_validity"": [""Product description How do I activate the SIM card? Once you receive your SIM card, simply complete the activation form and we will activate your plan. When you arrive at your dest""], ""data_amount"": [""[Fast & Reliable Data] 10GB at high-speed + unlimited basic data for 30 days - ideal for maps, social media, and emails.""], ""network_type"": [""[Instant Activation] Connects automatically with local carriers when you arrive in the UK & Ireland."", ""Product description How do I activate the SIM card? Once you receive your SIM card, simply complete the activation form and we will activate your plan. When you arrive at your dest"", ""score: local=6, roaming=-2""], ""network_generation"": [""product_info_cellular_5g: source:product_info_cellular: Cellular Technology 5G/4G"", ""product_info_cellular_5g: source:product_info_cellular: Cellular Technology 5G/4G""], ""carrier_support_local"": [""NTT docomo: Japan SIM Card 30 Days Data Only | 10GB High-Speed 4G LTE + Unlimited Data at Reduced Speed | No Roaming Needed for Faster, Safer Access | Hotspot tet""], ""review_count"": [""detail_page: 880""], ""is_bestseller"": [""Best Sellers Rank #182,283 in Cell Phones & Accessories ( See Top 100 in Cell Phones & Accessories ) #413 in Cell Phone SIM Cards""], ""bestseller_rank"": [""Best Sellers Rank #182,283 in Cell Phones & Accessories ( See Top 100 in Cell Phones & Accessories ) #413 in Cell Phone SIM Cards""], ""title"": [""Sim Sim Card for UK | SIM Card Ireland | 30 Days Prepaid SIM with 10GB High-Speed Data + Unlimited Basic Data | Travel Sim Card Europe | Hotspot & Auto Activation""]}"
amazon_us,jp,"Jethro Mobile Prepaid eSIM – 30-Day Plan with Unlimited Talk, Text + 20GB High-Speed Data | Works on iPhone & Android Smartphones | No SIM Card Needed",45.0,3,,,,True,526,30일,30일,,local,5g_capable,"{""docomo"": null, ""au"": null, ""softbank"": null, ""rakuten"": null}",unlimited,https://www.amazon.com/Jethro-Mobile-Activation-High-Speed-International/dp/B0CSMP25V7,B0CSMP25V7,B0CSMP25V7,JethroShop,Visit the Jethro Trading Ltd. Store,"{""price_usd"": [""$45.00""], ""usage_validity"": [""Jethro Mobile Prepaid eSIM – 30-Day Plan with Unlimited Talk, Text + 20GB High-Speed Data | Works on iPhone & Android Smartphones | No SIM Card Needed""], ""data_amount"": [""[Unlimited Talk, Text & Data] Stay connected with unlimited calls and texts, 20GB high-speed data per month, followed by unlimited reduced-speed data.""], ""network_type"": [""[Easy Activation] Set up your service online or by phone and get a local U.S. number within minutes or keep your existing one."", ""Product description Do I get a local US phone number? Yes, a local US phone number is provided upon activation. Can I use the same phone number for multiple trips? Yes. Just renew "", ""score: local=2, roaming=0""], ""network_generation"": [""product_info_cellular_5g: source:product_info_cellular: Cellular Technology 4G/5G LTE"", ""product_info_cellular_5g: source:product_info_cellular: Cellular Technology 4G/5G LTE"", ""product_info_cellular_4g_lte_signal_present_but_5g_capable_takes_precedence""], ""review_count"": [""detail_page: 3""], ""is_bestseller"": [""Best Sellers Rank #236,872 in Cell Phones & Accessories ( See Top 100 in Cell Phones & Accessories ) #526 in Cell Phone SIM Cards""], ""bestseller_rank"": [""Best Sellers Rank #236,872 in Cell Phones & Accessories ( See Top 100 in Cell Phones & Accessories ) #526 in Cell Phone SIM Cards""], ""title"": [""Jethro Mobile Prepaid eSIM – 30-Day Plan with Unlimited Talk, Text + 20GB High-Speed Data | Works on iPhone & Android Smartphones | No SIM Card Needed""]}"
amazon_us,jp,"Asia & China eSIM Card - 8 Day 5GB Prepaid International 4G High-Speed Data (Compatible with 5G/4G/LTE) - Easy Activation in Japan, Korea, Thailand, Vietnam, Malaysia & More",15.99,241,,,,,,7일,7일,8일,local,5g_capable,"{""docomo"": null, ""au"": null, ""softbank"": null, ""rakuten"": null}",5GB,https://www.amazon.com/Asia-China-eSIM-Card-International/dp/B0F1FFD1SB,B0F1FFD1SB,B0F1FFD1SB,Brand: UROZETTA,Brand: UROZETTA,"{""price_usd"": [""List Price: $15.99""], ""usage_validity"": [""UK SIM Card | Unlimited UK Data | O2 UK Network | 7-Day Prepaid SIM | Activate Befo...""], ""activation_validity"": [""Asia & China eSIM Card - 8 Day 5GB Prepaid International 4G High-Speed Data (Compatible with 5G/4G/LTE) - Easy Activation in Japan, Korea, Thailand, Vietnam, Malaysia & More""], ""data_amount"": [""4G LTE High-Speed Network Hotspot Supported, No Contract No SIM Card (8Days 5GB)""], ""network_type"": [""High Quality Network: Collaborate with local carriers to provide secure and stable Internet services. 4G LTE high speed network, ideal for staying connected on most popular social "", ""Amazon.com: Asia & China eSIM Card - 8 Day 5GB Prepaid International 4G High-Speed Data (Compatible with 5G/4G/LTE) - Easy Activation in Japan, Korea, Thailand, Vietnam, Malaysia &"", ""score: local=6, roaming=0""], ""network_generation"": [""product_detail_5g: source:product_description: Asia & China eSIM Card - 8 Day 5GB Prepaid International 4G High-Speed Data (Compatible with 5G/4G/LTE) - Easy Activation in Japan、Singapore、Thailand、Vi"", ""product_detail_4g_lte_signal_present_but_5g_capable_takes_precedence""], ""review_count"": [""detail_page: 241""], ""title"": [""Asia & China eSIM Card - 8 Day 5GB Prepaid International 4G High-Speed Data (Compatible with 5G/4G/LTE) - Easy Activation in Japan, Korea, Thailand, Vietnam, Malaysia & More""]}"
amazon_us,jp,IIJmio Ereereru SIM Card Entry Package Monthly Use (Voice SIM/SMS) [DoCoMo/au Line] (Data/eSIM/Prepaid) [Docomo Line] IM-B100,12.88,1286,,,,True,1668,30일,30일,,unknown,unknown,"{""docomo"": true, ""au"": true, ""softbank"": null, ""rakuten"": null}",1GB,https://www.amazon.com/IIJmio-IM-B100-Package-Monthly-Prepaide/dp/B014GZEPZA,B014GZEPZA,B014GZEPZA,Amazon Japan,Brand: IIJ,"{""price_usd"": [""$12.88""], ""usage_validity"": [""Orange Holiday Europe Prepaid Sim 20GB Internet Data | 30 Days-Use | Data tethering Allowed | 30min & 200 SMS from Europe to""], ""data_amount"": [""Voice eSIM is finally available on 2022/10/25! IIJmio Giga-Plan can be selected from 5 different SIM functions including voice SIM, voice eSIM (au net only), SMS SIM, data SIM (typ""], ""network_type"": [""local_signal: Amazon.com: IIJmio Ereereru SIM Card Entry Package Monthly Use (Voice SIM/SMS) [DoCoMo/au Line] (Data/eSIM/Prepaid) [Docomo Line] IM-B100 : Cell Phones & Accessories Skip to Main c"", ""insufficient_or_conflicting_signals(local=1, roaming=0)""], ""network_generation"": [""fallback_5g: source:image_alt: International Sim Card for Travel, 5GB Data Only 15+7 Days Prepaid SIM Card | Coverage Europe USA & 100+ Countries, 5G丨4G LTE"", ""fallback_4g_lte: source:image_alt: Preloaded Orange Travel Sim Card Now with 20GB of 4G Data, Unlimited Calls & SMS in Europe, 30 mins & 200 SMS from Europe to"", ""fallback_only_network_generation_signal""], ""carrier_support_local"": [""NTT docomo, au (KDDI): Voice eSIM is finally available on 2022/10/25! IIJmio Giga-Plan can be selected from 5 different SIM functions including voice SIM, voice eSIM (au net"", ""NTT docomo, au (KDDI): Product Description An application package that provides free initial cost of 3,300 yen (tax) incl. Upon application, enter the entry code on the pack"", ""NTT docomo, au (KDDI): Amazon.com: IIJmio Ereereru SIM Card Entry Package Monthly Use (Voice SIM/SMS) [DoCoMo/au Line] (Data/eSIM/Prepaid) [Docomo Line] IM-B100 : Cell Phone"", ""NTT docomo, au (KDDI): IIJmio Ereereru SIM Card Entry Package Monthly Use (Voice SIM/SMS) [DoCoMo/au Line] (Data/eSIM/Prepaid) [Docomo Line] IM-B100"", ""NTT docomo, au (KDDI): IIJmio Ereereru SIM Card Entry Package Monthly Use (Voice SIM/SMS) [DoCoMo/au Line] (Data/eSIM/Prepaid) [Docomo Line] IM-B100"", ""NTT docomo, au (KDDI): IIJmio Ereereru SIM Card Entry Package Monthly Use (Voice SIM/SMS) [DoCoMo/au Line] (Data/eSIM/Prepaid) [Docomo Line] IM-B100"", ""NTT docomo, au (KDDI): Amazon.com: IIJmio Ereereru SIM Card Entry Package Monthly Use (Voice SIM/SMS) [DoCoMo/au Line] (Data/eSIM/Prepaid) [Docomo Line] IM-B100 : Cell Phone""], ""review_count"": [""detail_page: 1,286 global ratings""], ""is_bestseller"": [""Best Sellers Rank #1,334,535 in Cell Phones & Accessories ( See Top 100 in Cell Phones & Accessories ) #1,668 in Cell Phone SIM Cards""], ""bestseller_rank"": [""Best Sellers Rank #1,334,535 in Cell Phones & Accessories ( See Top 100 in Cell Phones & Accessories ) #1,668 in Cell Phone SIM Cards""], ""title"": [""IIJmio Ereereru SIM Card Entry Package Monthly Use (Voice SIM/SMS) [DoCoMo/au Line] (Data/eSIM/Prepaid) [Docomo Line] IM-B100""]}"
amazon_us,jp,Asia eSIM 11 Countries High Speed Data Supports Hotspot 30 Days 3-20GB Email Delivery (3GB for 30 Days),15.9,1,,,,,,30일,30일,30일,unknown,5g_capable,"{""docomo"": null, ""au"": null, ""softbank"": null, ""rakuten"": null}",3GB,https://www.amazon.com/Countries-Supports-Hotspot-3-20GB-Delivery/dp/B0H7PD23VH,B0H7PD23VH,B0H7PD23VH,Brand: easytravelSIM,Brand: easytravelSIM,"{""price_usd"": [""$15.90""], ""usage_validity"": [""Asia eSIM 11 Countries High Speed Data Supports Hotspot 30 Days 3-20GB Email Delivery (3GB for 30 Days)""], ""activation_validity"": [""⚠️ Data-only eSIM. No voice or SMS services. ⚠️ Valid for 60 days from date of purchase. ⚠️ Each day is a 24-hour period. Example: Arrive in any supported Asia countries at 1 PM, i""], ""data_amount"": [""⚠️ Data-only eSIM. No voice or SMS services. ⚠️ Valid for 60 days from date of purchase. ⚠️ Each day is a 24-hour period. Example: Arrive in any supported Asia countries at 1 PM, i""], ""network_type"": [""insufficient_or_conflicting_signals(local=0, roaming=-2)""], ""network_generation"": [""product_info_cellular_5g: source:product_info_cellular: Cellular Technology 5G/4G/LTE"", ""product_info_cellular_5g: source:product_info_cellular: Cellular Technology 5G/4G/LTE"", ""product_info_cellular_4g_lte_signal_present_but_5g_capable_takes_precedence""], ""review_count"": [""detail_page: 1""], ""title"": [""Asia eSIM 11 Countries High Speed Data Supports Hotspot 30 Days 3-20GB Email Delivery (3GB for 30 Days)""]}"
amazon_us,jp,"China eSIM: 20GB High-Speed Data for 30 Days,Explore Beijing, Shanghai, Great Wall & More, Seamless Roaming in Mainland China, Hong Kong, Macau, No Contract, Hotspot Support, No SIM Card",27.99,8,,,,True,267,1일,1일,30일,unknown,lte_4g_only,"{""docomo"": null, ""au"": null, ""softbank"": null, ""rakuten"": null}",20GB,https://www.amazon.com/Seamless-Mainland-High-Speed-Unlimited-Contract/dp/B0CR3QK76C,B0CR3QK76C,B0CR3QK76C,shuoxing E-commerce,Visit the gtesim Store,"{""price_usd"": [""$27.99""], ""usage_validity"": [""✈Easy To Activate: Purchase the prepaid eSIM, get a redeem code to generate an eSIM QR code, scan the QR code to install the eSIM. The eSIM is considered to be activated when the d""], ""activation_validity"": [""China eSIM: 20GB High-Speed Data for 30 Days,Explore Beijing, Shanghai, Great Wall & More, Seamless Roaming in Mainland China, Hong Kong, Macau, No Contract, Hotspot Support, No SI""], ""data_amount"": [""✈Package Details: It's eSim Data only ,no physical Sim Card, no number, no calls & SMS, and it supports hotspots. You can enjoy 30 days of 20GB high speed data and unlimited speed ""], ""network_type"": [""local_signal: ✈Quality Network Services: Supported by local telecommunication carriers, it offers 5G/4G/LTE internet speeds, with wide signal coverage, stable network and fast speed. The interne"", ""roaming_signal: China eSIM: 20GB High-Speed Data for 30 Days,Explore Beijing, Shanghai, Great Wall & More, Seamless Roaming in Mainland China, Hong Kong, Macau, No Contract, Hotspot Support, No SI"", ""insufficient_or_conflicting_signals(local=21, roaming=8)""], ""network_generation"": [""product_info_cellular_4g_lte: source:product_info_cellular: Cellular Technology LTE"", ""product_info_cellular_4g_lte: source:product_info_cellular: Cellular Technology LTE""], ""review_count"": [""detail_page: 8 global ratings""], ""is_bestseller"": [""Best Sellers Rank #119,817 in Cell Phones & Accessories ( See Top 100 in Cell Phones & Accessories ) #267 in Cell Phone SIM Cards""], ""bestseller_rank"": [""Best Sellers Rank #119,817 in Cell Phones & Accessories ( See Top 100 in Cell Phones & Accessories ) #267 in Cell Phone SIM Cards""], ""title"": [""China eSIM: 20GB High-Speed Data for 30 Days,Explore Beijing, Shanghai, Great Wall & More, Seamless Roaming in Mainland China, Hong Kong, Macau, No Contract, Hotspot Support, No SIM Card""]}"
amazon_us,jp,TravelSIMcare – Global SIM Card with Health Consultation Services | eSIM & Physical SIM | Health Manager Support (Japan E-sim_15 Day Unlimited Data),96.0,,,,,,,15일,15일,,unknown,unknown,"{""docomo"": null, ""au"": null, ""softbank"": null, ""rakuten"": null}",unlimited,https://www.amazon.com/TravelSIMcare-Consultation-Services-sim_15-Unlimited/dp/B0F6YHXJKQ,B0F6YHXJKQ,B0F6YHXJKQ,FAR EASTERN MEDICAL ELECTRONIC,Brand: Generic,"{""price_usd"": [""$96.00""], ""usage_validity"": [""TravelSIMcare – Global SIM Card with Health Consultation Services | eSIM & Physical SIM | Health Manager Support (Japan E-sim_15 Day Unlimited Data)""], ""data_amount"": [""Model Number Japan E-sim_15 day unlimited data""], ""network_type"": [""no_local_or_roaming_keyword_matched""], ""network_generation"": [""fallback_5g: source:image_alt: International Sim Card for Travel, 5GB Data Only 15+7 Days Prepaid SIM Card | Coverage Europe USA & 100+ Countries, 5G丨4G LTE"", ""fallback_4g_lte: source:image_alt: Preloaded Orange Travel Sim Card Now with 20GB of 4G Data, Unlimited Calls & SMS in Europe, 30 mins & 200 SMS from Europe to"", ""fallback_only_network_generation_signal""], ""title"": [""TravelSIMcare – Global SIM Card with Health Consultation Services | eSIM & Physical SIM | Health Manager Support (Japan E-sim_15 Day Unlimited Data)""]}"
amazon_us,jp,USA eSIM – Flexible Data Plans | Quick Email Delivery | Easy Setup | No Expiry | 24/7 Support (1Day_0.5GB),7.67,,,,,,,30일,30일,365일,roaming,5g_capable,"{""docomo"": null, ""au"": null, ""softbank"": null, ""rakuten"": null}",unlimited,https://www.amazon.com/USA-eSIM-Flexible-Delivery-1Day_0-5GB/dp/B0FPLZGR8B,B0FPLZGR8B,B0FPLZGR8B,Brand: PREPAID DATA SIM,Brand: PREPAID DATA SIM,"{""price_usd"": [""$7.67""], ""usage_validity"": [""＝What is an eSIM?＝ Unlike physical SIM cards, eSIMs require no swapping — simply scan the QR code and connect. Setup takes just minutes, with no need for returns or extra fees. Per""], ""activation_validity"": [""【Support】 Available 365 days a year / Languages: Japanese, English, Chinese, Korean Chatbot: 24 hours | Human Support: 4:00 PM – 1:00 AM (PST)""], ""data_amount"": [""＝What is an eSIM?＝ Unlike physical SIM cards, eSIMs require no swapping — simply scan the QR code and connect. Setup takes just minutes, with no need for returns or extra fees. Per""], ""network_type"": [""【Step ③】 Install the eSIM easily → Turn “Roaming ON” at your destination to start using."", ""＝What is an eSIM?＝ Unlike physical SIM cards, eSIMs require no swapping — simply scan the QR code and connect. Setup takes just minutes, with no need for returns or extra fees. Per"", ""score: local=0, roaming=4""], ""network_generation"": [""product_info_cellular_5g: source:product_info_cellular: Cellular Technology 4GLTE/5G"", ""product_info_cellular_5g: source:product_info_cellular: Cellular Technology 4GLTE/5G"", ""product_info_cellular_4g_lte_signal_present_but_5g_capable_takes_precedence""], ""title"": [""USA eSIM – Flexible Data Plans | Quick Email Delivery | Easy Setup | No Expiry | 24/7 Support (1Day_0.5GB)""]}"
amazon_us,jp,"Australia & New Zealand eSIM (30 Days), 20GB High-Speed Data, Quick Activating with QR Code, No Shipping or SIM Card Needed, Hotspot Support, Easy to Use Travel eSIM",42.99,2,,,,True,1100,30일,30일,30일,roaming,5g_capable,"{""docomo"": null, ""au"": null, ""softbank"": null, ""rakuten"": null}",20GB,https://www.amazon.com/Australia-Zealand-High-Speed-Activating-Shipping/dp/B0FWH5YGP4,B0FWH5YGP4,B0FWH5YGP4,Jethro Trading Ltd.,Visit the JETSIM Store,"{""price_usd"": [""$42.99""], ""usage_validity"": [""Australia & New Zealand eSIM (30 Days), 20GB High-Speed Data, Quick Activating with QR Code, No Shipping or SIM Card Needed, Hotspot Support, Easy to Use Travel eSIM""], ""activation_validity"": [""Product description Can I use my eSIM immediately after purchase? Yes. Simply submit the claim form, and we will deliver your eSIM to your email right away. Do I need to activate m""], ""data_amount"": [""[Fast & Reliable Data] 20GB at high-speed + unlimited basic data for 30 days - ideal for maps, social media, and emails.""], ""network_type"": [""Product description Can I use my eSIM immediately after purchase? Yes. Simply submit the claim form, and we will deliver your eSIM to your email right away. Do I need to activate m"", ""score: local=0, roaming=3""], ""network_generation"": [""product_info_cellular_5g: source:product_info_cellular: Cellular Technology 5G/4G"", ""product_info_cellular_5g: source:product_info_cellular: Cellular Technology 5G/4G""], ""review_count"": [""detail_page: 2 global ratings""], ""is_bestseller"": [""Best Sellers Rank #586,347 in Cell Phones & Accessories ( See Top 100 in Cell Phones & Accessories ) #1,100 in Cell Phone SIM Cards""], ""bestseller_rank"": [""Best Sellers Rank #586,347 in Cell Phones & Accessories ( See Top 100 in Cell Phones & Accessories ) #1,100 in Cell Phone SIM Cards""], ""title"": [""Australia & New Zealand eSIM (30 Days), 20GB High-Speed Data, Quick Activating with QR Code, No Shipping or SIM Card Needed, Hotspot Support, Easy to Use Travel eSIM""]}"
amazon_us,jp,Colombia 15-Day | 2GB Fixed Data eSIM,15.99,,,,,True,599,15일,15일,30일,roaming,unknown,"{""docomo"": null, ""au"": null, ""softbank"": null, ""rakuten"": null}",2GB,https://www.amazon.com/Colombia-15-Day-2GB-Fixed-Data/dp/B0G873MJ8M,B0G873MJ8M,B0G873MJ8M,Jethro Trading Ltd.,Visit the JETSIM Store,"{""price_usd"": [""$15.99""], ""usage_validity"": [""Colombia 15-Day | 2GB Fixed Data eSIM""], ""activation_validity"": [""Product description Can I use my eSIM immediately after purchase? Yes. Simply submit the claim form, and we will deliver your eSIM to your email right away. Do I need to activate m""], ""data_amount"": [""[Fast & Reliable Data] 2GB high-speed + unlimited basic data for 15 days. Perfect for maps, apps, and staying connected in Colombia.""], ""network_type"": [""Product description Can I use my eSIM immediately after purchase? Yes. Simply submit the claim form, and we will deliver your eSIM to your email right away. Do I need to activate m"", ""PrePaid Europe (UK THREE) sim card 12GB data+3000 minutes+3000 texts for 30 days with FREE ROAMING / USE in 71 destinations i"", ""score: local=0, roaming=4""], ""network_generation"": [""fallback_5g: source:image_alt: Happy 5G Australia and New Zealand 30 Days Unlimited Data Travel Sim Card | 15GB of 5G High-Speed Data Then 128kbps | Easy Ac"", ""fallback_4g_lte: source:image_alt: ENC Mobile Europe SIM Card: Prepaid Data Only 10GB/30Days 5G/4G LTE | Unlimited Data at Reduced Speed - 3 in 1 Travel SIM Car"", ""fallback_only_network_generation_signal""], ""is_bestseller"": [""Best Sellers Rank #273,108 in Cell Phones & Accessories ( See Top 100 in Cell Phones & Accessories ) #599 in Cell Phone SIM Cards""], ""bestseller_rank"": [""Best Sellers Rank #273,108 in Cell Phones & Accessories ( See Top 100 in Cell Phones & Accessories ) #599 in Cell Phone SIM Cards""], ""title"": [""Colombia 15-Day | 2GB Fixed Data eSIM""]}"
amazon_us,jp,Peru 7-Day | 1GB Fixed Data eSIM,15.99,8,,,,True,1021,7일,7일,30일,roaming,unknown,"{""docomo"": null, ""au"": true, ""softbank"": null, ""rakuten"": null}",1GB,https://www.amazon.com/Peru-7-Day-1GB-Fixed-Data/dp/B0G8NJ9FD4,B0G8NJ9FD4,B0G8NJ9FD4,Jethro Trading Ltd.,Visit the JETSIM Store,"{""price_usd"": [""$15.99""], ""usage_validity"": [""Peru 7-Day | 1GB Fixed Data eSIM""], ""activation_validity"": [""Product description Can I use my eSIM immediately after purchase? Yes. Simply submit the claim form, and we will deliver your eSIM to your email right away. Do I need to activate m""], ""data_amount"": [""[Fast & Reliable Data] 1GB high-speed + unlimited basic data for 7 days. Perfect for maps, apps, and staying connected in Peru.""], ""network_type"": [""Product description Can I use my eSIM immediately after purchase? Yes. Simply submit the claim form, and we will deliver your eSIM to your email right away. Do I need to activate m"", ""score: local=0, roaming=3""], ""network_generation"": [""fallback_5g: source:image_alt: Hello Japan Travel eSIM 15GB 20 Days | Data Only High Speed 5G + Easy Setup | No ap..."", ""fallback_4g_lte: source:image_alt: EIOTCLUB Data SIM Card Triple Play- USA Coverage No Contract (100MB Trial) | 5G/4G LTE Cellular for Security Solar and Hunting Trail Game Cameras Unlocked IoT Dev"", ""fallback_only_network_generation_signal""], ""carrier_support_local"": [""au (KDDI): 【JP Smart SIM】 eSIM for Japan (Data-only, no Call/SMS) | 7 Days 2GB/Day |【KDDI/Soft...""], ""review_count"": [""detail_page: 8""], ""is_bestseller"": [""Best Sellers Rank #527,612 in Cell Phones & Accessories ( See Top 100 in Cell Phones & Accessories ) #1,021 in Cell Phone SIM Cards""], ""bestseller_rank"": [""Best Sellers Rank #527,612 in Cell Phones & Accessories ( See Top 100 in Cell Phones & Accessories ) #1,021 in Cell Phone SIM Cards""], ""title"": [""Peru 7-Day | 1GB Fixed Data eSIM""]}"
amazon_us,jp,Argentina 15-Day | 2GB Fixed Data eSIM,22.99,,,,,,,15일,15일,30일,unknown,5g_capable,"{""docomo"": null, ""au"": null, ""softbank"": null, ""rakuten"": null}",2GB,https://www.amazon.com/Argentina-15-Day-2GB-Fixed-Data/dp/B0G8NXDS8D,B0G8NXDS8D,B0G8NXDS8D,Jethro Trading Ltd.,Visit the JETSIM Store,"{""price_usd"": [""$22.99""], ""usage_validity"": [""Argentina 15-Day | 2GB Fixed Data eSIM""], ""activation_validity"": [""Product description Can I use my eSIM immediately after purchase? Yes. Simply submit the claim form, and we will deliver your eSIM to your email right away. Do I need to activate m""], ""data_amount"": [""[Fast & Reliable Data] 2GB high-speed + unlimited basic data for 15 days. Perfect for maps, apps, and staying connected in Argentina.""], ""network_type"": [""local_signal: [Instant Activation] Connects automatically with local carriers when you arrive in Argentina. No SIM swapping, no setup—just scan and go."", ""roaming_signal: Product description Can I use my eSIM immediately after purchase? Yes. Simply submit the claim form, and we will deliver your eSIM to your email right away. Do I need to activate m"", ""insufficient_or_conflicting_signals(local=3, roaming=4)""], ""network_generation"": [""product_info_cellular_5g: source:product_info_cellular: Cellular Technology 5G/4G"", ""product_info_cellular_5g: source:product_info_cellular: Cellular Technology 5G/4G""], ""title"": [""Argentina 15-Day | 2GB Fixed Data eSIM""]}"
amazon_us,jp,"Jethro Mobile eSIM USA, High-Speed Data + Talk & Text (6-Months)",120.0,3,,,,True,1567,7일,7일,,local,5g_capable,"{""docomo"": null, ""au"": null, ""softbank"": null, ""rakuten"": null}",unlimited,https://www.amazon.com/Jethro-Mobile-Activation-High-Speed-International/dp/B0CSMFRQ3X,B0CSMFRQ3X,B0CSMFRQ3X,JethroShop,Visit the Jethro Trading Ltd. Store,"{""price_usd"": [""$120.00""], ""usage_validity"": [""[Live Support] Dedicated human assistance available 7 days a week via chat, email, or phone.""], ""data_amount"": [""[Unlimited Talk, Text & Data] Stay connected with unlimited calls and texts + 3GB high-speed data per month, followed by unlimited reduced-speed data.""], ""network_type"": [""[Easy Activation] Set up your service online or by phone and get a local U.S. number within minutes or keep your existing one."", ""Product description Do I get a local US phone number? Yes, a local US phone number is provided upon activation. Can I use the same phone number for multiple trips? Yes. Just renew "", ""score: local=2, roaming=0""], ""network_generation"": [""product_info_cellular_5g: source:product_info_cellular: Cellular Technology 4G/5G LTE"", ""product_info_cellular_5g: source:product_info_cellular: Cellular Technology 4G/5G LTE"", ""product_info_cellular_4g_lte_signal_present_but_5g_capable_takes_precedence""], ""review_count"": [""detail_page: 3""], ""is_bestseller"": [""Best Sellers Rank #1,126,971 in Cell Phones & Accessories ( See Top 100 in Cell Phones & Accessories ) #1,567 in Cell Phone SIM Cards""], ""bestseller_rank"": [""Best Sellers Rank #1,126,971 in Cell Phones & Accessories ( See Top 100 in Cell Phones & Accessories ) #1,567 in Cell Phone SIM Cards""], ""title"": [""Jethro Mobile eSIM USA, High-Speed Data + Talk & Text (6-Months)""]}"
amazon_us,jp,Asia eSIM 21 Countries High Speed Data Supports Hotspot 30 Days 3-20GB Email Delivery (3GB for 30 Days),12.99,,,,,,,30일,30일,30일,unknown,5g_capable,"{""docomo"": null, ""au"": null, ""softbank"": null, ""rakuten"": null}",3GB,https://www.amazon.com/Countries-Supports-Hotspot-3-20GB-Delivery/dp/B0H7SGWMZT,B0H7SGWMZT,B0H7SGWMZT,Brand: easytravelSIM,Brand: easytravelSIM,"{""price_usd"": [""$12.99""], ""usage_validity"": [""Asia eSIM 21 Countries High Speed Data Supports Hotspot 30 Days 3-20GB Email Delivery (3GB for 30 Days)""], ""activation_validity"": [""⚠️ Data-only eSIM. No voice or SMS services. ⚠️ Valid for 60 days from date of purchase. ⚠️ Each day is a 24-hour period. Example: Arrive in any supported Asia countries at 1 PM, i""], ""data_amount"": [""⚠️ Data-only eSIM. No voice or SMS services. ⚠️ Valid for 60 days from date of purchase. ⚠️ Each day is a 24-hour period. Example: Arrive in any supported Asia countries at 1 PM, i""], ""network_type"": [""insufficient_or_conflicting_signals(local=0, roaming=-2)""], ""network_generation"": [""product_info_cellular_5g: source:product_info_cellular: Cellular Technology 5G/4G/LTE"", ""product_info_cellular_5g: source:product_info_cellular: Cellular Technology 5G/4G/LTE"", ""product_info_cellular_4g_lte_signal_present_but_5g_capable_takes_precedence""], ""title"": [""Asia eSIM 21 Countries High Speed Data Supports Hotspot 30 Days 3-20GB Email Delivery (3GB for 30 Days)""]}"
